"enroll_id","day_of_course","videos_watched","quiz_attempted","forum_posts","subscription_type","completed_course"
1,31,0,0,0,"Paid",0
2,31,5,0,0,"Free",0
3,44,1,0,1,"Free",1
4,69,0,0,2,"Free",0
5,1,1,1,1,"Free",0
6,66,0,0,0,"Free",0
7,7,0,0,0,"Free",0
8,8,1,0,0,"Free",0
9,1,1,0,1,"Free",0
10,75,2,1,0,"Paid",1
11,85,1,1,1,"Free",0
12,60,1,0,0,"Free",0
13,23,4,1,0,"Free",0
14,67,0,1,1,"Free",1
15,82,1,1,0,"Free",0
16,42,0,0,1,"Paid",0
17,76,0,0,0,"Free",0
18,6,1,0,0,"Paid",1
19,24,1,0,0,"Free",0
20,72,3,0,1,"Paid",1
21,29,0,0,2,"Paid",0
22,10,1,1,1,"Paid",1
23,36,3,0,0,"Free",0
24,10,1,1,0,"Free",1
25,1,2,0,0,"Free",0
26,76,0,0,0,"Free",0
27,28,1,0,0,"Free",1
28,53,1,1,1,"Free",0
29,77,0,0,0,"Paid",0
30,58,0,0,0,"Free",0
31,38,2,0,0,"Paid",0
32,72,0,0,0,"Paid",1
33,26,2,1,0,"Free",1
34,14,1,0,1,"Free",0
35,82,2,0,0,"Paid",0
36,17,0,0,0,"Free",0
37,41,0,0,0,"Free",0
38,20,1,0,0,"Paid",1
39,24,2,0,1,"Free",1
40,12,0,0,0,"Free",0
41,77,0,1,1,"Free",0
42,54,0,1,0,"Free",1
43,26,4,0,0,"Free",0
44,82,2,0,0,"Free",1
45,58,0,1,0,"Free",0
46,77,1,0,1,"Free",0
47,77,1,1,1,"Free",1
48,36,2,1,1,"Free",1
49,27,1,0,0,"Free",0
50,17,1,1,0,"Free",0
51,31,0,0,0,"Paid",1
52,8,3,0,0,"Paid",1
53,51,2,0,0,"Paid",0
54,12,3,0,0,"Paid",0
55,15,0,1,0,"Free",0
56,38,3,1,1,"Free",1
57,26,2,1,1,"Free",0
58,1,2,1,0,"Free",0
59,41,3,1,0,"Free",0
60,23,0,0,1,"Free",0
61,41,3,1,0,"Free",0
62,73,2,0,0,"Free",0
63,56,0,0,1,"Free",0
64,55,1,1,0,"Free",1
65,37,1,0,0,"Paid",0
66,34,1,0,0,"Free",0
67,64,1,1,0,"Free",0
68,87,3,0,0,"Paid",0
69,66,1,0,0,"Free",0
70,24,1,0,1,"Paid",1
71,38,2,0,1,"Free",0
72,72,0,1,0,"Free",1
73,54,1,1,0,"Free",0
74,60,3,1,0,"Free",1
75,12,2,1,0,"Free",1
76,22,2,0,0,"Free",0
77,23,1,0,0,"Free",0
78,70,1,0,0,"Paid",1
79,27,1,0,0,"Free",0
80,18,1,0,0,"Free",0
81,64,1,0,1,"Free",0
82,41,2,0,0,"Free",0
83,29,1,1,0,"Paid",0
84,77,1,1,2,"Free",0
85,12,1,0,0,"Free",0
86,79,1,1,1,"Free",0
87,51,2,0,1,"Free",1
88,51,2,0,0,"Free",0
89,22,0,0,0,"Free",0
90,88,0,0,1,"Free",1
91,39,1,0,1,"Free",0
92,44,0,1,1,"Paid",0
93,89,2,1,1,"Free",0
94,74,3,1,0,"Paid",1
95,7,3,0,1,"Free",0
96,82,2,0,1,"Paid",1
97,9,1,0,2,"Free",0
98,70,3,0,1,"Paid",0
99,44,3,0,0,"Free",0
100,29,0,1,1,"Free",0
101,69,1,1,0,"Paid",0
102,72,0,1,0,"Free",0
103,36,1,0,0,"Paid",0
104,61,0,0,0,"Paid",1
105,52,0,1,0,"Paid",1
106,1,0,1,0,"Free",1
107,20,1,1,0,"Free",1
108,31,2,0,0,"Free",1
109,8,1,1,1,"Free",0
110,62,1,1,2,"Free",1
111,89,1,1,0,"Free",0
112,19,0,0,1,"Paid",1
113,30,2,0,0,"Free",0
114,70,1,0,1,"Free",0
115,86,3,0,1,"Free",0
116,4,0,0,1,"Paid",0
117,39,2,0,0,"Free",0
118,5,1,0,0,"Free",0
119,3,1,0,0,"Paid",1
120,49,1,0,0,"Free",1
121,77,2,1,0,"Paid",0
122,4,1,0,1,"Paid",0
123,2,1,0,1,"Free",0
124,23,1,1,1,"Paid",1
125,82,2,0,1,"Paid",1
126,11,2,0,0,"Free",0
127,50,1,1,0,"Free",0
128,24,4,0,2,"Free",0
129,58,1,1,1,"Paid",0
130,24,2,0,0,"Paid",0
131,9,0,0,0,"Free",0
132,55,2,1,1,"Free",0
133,33,1,0,1,"Free",1
134,7,1,0,0,"Free",0
135,69,1,0,2,"Paid",0
136,22,0,0,1,"Paid",1
137,3,1,0,1,"Paid",0
138,8,3,1,0,"Free",0
139,88,0,0,1,"Free",0
140,6,1,0,1,"Free",0
141,60,1,0,0,"Free",0
142,29,1,0,0,"Free",0
143,88,0,0,0,"Free",0
144,38,1,0,0,"Paid",1
145,68,1,0,0,"Paid",0
146,54,0,0,0,"Free",0
147,41,1,0,0,"Paid",0
148,87,0,1,0,"Paid",0
149,15,1,0,0,"Paid",1
150,17,1,1,0,"Free",1
151,79,1,0,0,"Free",0
152,56,1,1,0,"Free",1
153,51,1,0,0,"Free",0
154,23,0,0,0,"Free",0
155,65,0,0,1,"Paid",0
156,2,0,0,2,"Paid",0
157,21,1,0,0,"Free",0
158,21,1,0,0,"Free",0
159,34,4,1,0,"Free",0
160,38,0,0,1,"Paid",0
161,26,4,0,0,"Free",0
162,60,1,1,1,"Free",1
163,1,1,0,0,"Free",0
164,80,0,1,0,"Free",0
165,59,1,0,0,"Free",0
166,32,0,1,0,"Free",0
167,50,0,0,0,"Free",0
168,66,2,0,1,"Free",0
169,30,0,0,2,"Free",0
170,60,1,0,0,"Free",0
171,36,1,0,0,"Paid",1
172,22,3,1,0,"Free",1
173,66,0,1,0,"Free",0
174,90,2,0,0,"Free",0
175,46,3,1,1,"Free",0
176,71,1,1,1,"Free",1
177,48,0,0,0,"Paid",1
178,44,2,0,2,"Free",0
179,73,3,0,0,"Paid",0
180,10,0,0,0,"Free",0
181,19,1,0,0,"Paid",1
182,12,0,0,0,"Free",0
183,31,0,0,2,"Free",0
184,40,3,0,0,"Paid",1
185,39,1,0,0,"Free",0
186,37,1,1,1,"Free",1
187,72,2,0,1,"Free",0
188,55,2,0,0,"Free",0
189,22,1,0,0,"Free",0
190,29,1,0,0,"Free",0
191,50,2,1,0,"Paid",1
192,83,1,0,0,"Free",1
193,52,2,0,1,"Free",0
194,73,0,0,0,"Paid",0
195,85,1,1,0,"Free",0
196,29,2,1,0,"Free",0
197,55,3,1,0,"Free",0
198,28,3,0,0,"Free",0
199,68,1,1,1,"Free",1
200,67,1,0,0,"Paid",1
201,82,1,0,0,"Free",0
202,51,2,0,0,"Free",0
203,5,1,1,0,"Paid",1
204,1,1,1,1,"Paid",1
205,78,1,0,1,"Paid",0
206,26,3,1,0,"Paid",0
207,79,2,0,0,"Free",0
208,14,1,0,0,"Free",0
209,89,1,1,0,"Free",0
210,83,1,1,0,"Free",0
211,30,2,0,0,"Paid",0
212,66,2,0,0,"Paid",1
213,52,0,0,0,"Paid",0
214,51,1,1,1,"Paid",0
215,35,1,1,2,"Free",0
216,10,1,1,0,"Free",1
217,63,2,1,0,"Paid",0
218,80,1,0,2,"Free",1
219,76,4,1,1,"Paid",1
220,71,0,1,0,"Free",0
221,30,2,0,0,"Free",1
222,10,4,1,2,"Paid",1
223,60,2,0,0,"Free",0
224,21,0,0,0,"Free",0
225,36,0,0,2,"Free",0
226,25,3,1,0,"Free",0
227,58,1,1,0,"Free",0
228,23,2,0,2,"Free",0
229,47,2,0,0,"Free",0
230,84,2,0,0,"Free",0
231,7,0,0,1,"Free",0
232,53,3,0,1,"Free",0
233,58,1,0,0,"Free",0
234,22,0,0,0,"Free",0
235,84,3,0,1,"Paid",1
236,58,1,1,1,"Free",0
237,17,3,0,1,"Paid",0
238,6,0,0,0,"Paid",0
239,34,1,0,0,"Paid",0
240,26,4,0,0,"Free",0
241,55,0,0,1,"Paid",0
242,2,0,1,0,"Paid",0
243,48,0,1,0,"Free",0
244,1,1,0,0,"Free",0
245,70,3,1,0,"Free",0
246,58,0,0,1,"Free",0
247,79,0,0,0,"Free",0
248,55,1,0,1,"Free",0
249,23,0,1,1,"Free",0
250,46,0,1,0,"Free",0
251,13,0,1,0,"Paid",0
252,16,1,0,0,"Paid",0
253,70,2,0,0,"Free",0
254,55,2,0,0,"Free",0
255,89,0,0,0,"Free",0
256,58,1,0,0,"Free",0
257,45,2,0,1,"Free",0
258,26,1,0,2,"Free",1
259,34,2,1,1,"Free",0
260,21,2,0,0,"Free",0
261,36,1,0,1,"Free",0
262,72,1,0,2,"Free",0
263,31,1,1,0,"Free",0
264,61,1,1,0,"Free",0
265,34,0,1,0,"Free",0
266,59,2,1,0,"Free",1
267,29,1,1,1,"Free",1
268,39,2,0,0,"Free",0
269,24,0,1,1,"Free",0
270,40,0,0,0,"Paid",1
271,39,0,0,0,"Free",0
272,14,0,0,0,"Free",0
273,28,1,0,1,"Free",0
274,18,0,0,0,"Paid",1
275,86,1,0,1,"Free",0
276,82,1,0,0,"Paid",0
277,57,1,0,0,"Paid",0
278,78,2,0,0,"Free",1
279,65,1,0,1,"Free",0
280,2,2,0,1,"Free",1
281,44,1,0,0,"Free",0
282,48,3,1,2,"Free",0
283,76,0,0,0,"Free",0
284,84,0,1,0,"Paid",1
285,2,2,0,2,"Free",0
286,10,1,1,2,"Free",0
287,80,1,1,0,"Free",0
288,76,2,0,0,"Paid",1
289,9,0,0,0,"Paid",0
290,11,0,1,1,"Paid",1
291,23,2,1,1,"Free",1
292,62,0,0,1,"Paid",0
293,31,1,0,0,"Paid",1
294,62,1,0,0,"Free",1
295,46,0,1,1,"Paid",0
296,43,1,0,1,"Free",0
297,71,0,1,1,"Paid",1
298,41,0,0,1,"Free",0
299,10,1,1,0,"Paid",0
300,37,2,0,0,"Free",0
301,60,3,0,1,"Paid",0
302,40,2,0,0,"Free",0
303,20,1,1,0,"Free",1
304,24,1,1,0,"Paid",0
305,10,0,0,1,"Free",0
306,44,2,0,0,"Free",0
307,29,0,1,0,"Free",0
308,45,3,0,0,"Paid",1
309,51,1,0,0,"Free",0
310,36,1,1,0,"Paid",0
311,62,0,0,1,"Paid",0
312,2,1,1,1,"Paid",1
313,80,1,1,0,"Paid",0
314,77,2,0,0,"Free",0
315,9,1,1,0,"Paid",1
316,85,0,0,1,"Paid",1
317,56,2,1,1,"Free",0
318,11,1,0,0,"Free",0
319,24,0,1,1,"Paid",0
320,18,1,0,1,"Free",0
321,20,0,1,1,"Paid",1
322,71,0,1,1,"Free",0
323,67,3,1,0,"Free",1
324,58,1,1,1,"Free",1
325,90,1,1,0,"Free",1
326,11,2,1,0,"Free",0
327,80,1,1,2,"Free",0
328,15,0,1,0,"Paid",0
329,61,0,0,1,"Paid",0
330,71,2,1,1,"Free",0
331,43,0,0,1,"Paid",0
332,37,0,0,0,"Free",0
333,59,4,1,0,"Paid",1
334,87,1,1,0,"Paid",0
335,61,3,1,2,"Free",0
336,16,0,1,0,"Free",0
337,57,1,0,0,"Paid",0
338,15,1,1,1,"Paid",0
339,1,1,0,1,"Free",0
340,73,1,1,0,"Paid",0
341,62,0,0,0,"Paid",0
342,82,1,0,0,"Free",0
343,12,1,1,0,"Free",1
344,3,0,0,0,"Free",0
345,12,2,1,0,"Paid",1
346,36,1,1,0,"Free",1
347,20,4,0,1,"Paid",1
348,84,0,0,0,"Free",0
349,16,1,0,1,"Free",0
350,1,2,0,0,"Free",0
351,23,1,1,0,"Free",1
352,1,1,0,0,"Free",0
353,1,2,0,0,"Paid",1
354,31,1,0,0,"Paid",1
355,12,1,0,0,"Free",1
356,85,4,1,0,"Free",0
357,6,3,1,0,"Paid",0
358,30,1,1,0,"Free",1
359,68,1,1,1,"Paid",1
360,48,0,1,0,"Free",0
361,55,1,0,0,"Paid",0
362,42,0,0,1,"Free",0
363,34,0,0,0,"Free",1
364,30,1,1,0,"Paid",0
365,78,1,0,2,"Free",1
366,57,0,0,1,"Free",0
367,13,0,0,0,"Paid",0
368,26,2,0,1,"Paid",0
369,65,0,1,0,"Free",0
370,32,0,1,1,"Paid",1
371,57,4,0,1,"Free",0
372,11,0,1,0,"Free",0
373,54,2,1,0,"Paid",1
374,68,1,0,1,"Free",1
375,26,1,1,0,"Free",0
376,68,1,0,0,"Free",0
377,64,2,0,0,"Free",0
378,23,1,1,0,"Free",1
379,77,2,1,0,"Free",0
380,19,2,0,0,"Free",0
381,8,1,0,0,"Paid",0
382,70,2,0,1,"Free",0
383,13,3,1,2,"Free",1
384,70,2,0,0,"Paid",1
385,66,0,0,0,"Free",0
386,84,3,0,0,"Free",1
387,45,1,1,0,"Free",0
388,34,0,0,0,"Free",0
389,42,1,0,0,"Free",0
390,84,0,1,0,"Paid",0
391,63,2,0,0,"Paid",1
392,66,0,0,0,"Free",1
393,9,0,0,0,"Free",0
394,53,2,1,1,"Free",0
395,44,3,0,1,"Free",0
396,61,2,0,0,"Free",0
397,42,2,0,0,"Paid",0
398,80,1,1,1,"Free",0
399,72,0,0,1,"Free",0
400,28,1,0,0,"Paid",1
401,15,2,0,0,"Free",0
402,5,0,0,1,"Free",0
403,37,1,0,1,"Free",0
404,60,0,0,0,"Free",1
405,30,0,1,0,"Free",0
406,78,0,0,0,"Paid",1
407,10,2,0,0,"Paid",0
408,10,2,0,1,"Free",0
409,48,0,1,0,"Free",0
410,44,1,1,0,"Paid",1
411,83,1,1,0,"Free",0
412,9,2,0,1,"Free",0
413,60,0,1,2,"Free",0
414,21,2,1,0,"Free",0
415,75,1,0,0,"Paid",0
416,52,0,0,1,"Free",0
417,57,1,0,1,"Free",0
418,43,0,0,0,"Free",0
419,55,1,0,0,"Paid",0
420,34,1,0,0,"Paid",0
421,22,0,1,0,"Free",0
422,23,2,0,0,"Paid",0
423,57,0,0,0,"Free",1
424,50,1,1,1,"Free",1
425,48,1,1,1,"Paid",1
426,43,0,0,1,"Paid",0
427,47,1,1,0,"Paid",0
428,12,2,1,1,"Free",0
429,72,0,1,0,"Free",0
430,40,0,0,0,"Paid",1
431,48,0,1,0,"Free",1
432,45,1,1,0,"Paid",1
433,39,0,1,0,"Paid",1
434,7,1,0,3,"Free",1
435,86,0,1,0,"Free",0
436,51,0,1,0,"Free",1
437,16,1,0,0,"Paid",1
438,26,1,1,0,"Free",0
439,10,1,1,0,"Free",0
440,2,0,1,2,"Free",1
441,11,4,1,0,"Paid",1
442,54,1,1,0,"Paid",0
443,32,1,1,0,"Free",1
444,87,1,1,1,"Free",0
445,3,0,0,0,"Paid",0
446,15,0,1,0,"Free",0
447,61,0,0,2,"Paid",0
448,78,2,0,0,"Free",0
449,48,2,0,1,"Paid",1
450,30,2,0,0,"Free",0
451,63,0,0,0,"Free",0
452,28,0,1,0,"Free",0
453,69,0,1,0,"Free",1
454,80,0,1,1,"Free",1
455,65,1,0,1,"Free",0
456,7,2,1,0,"Free",0
457,63,3,0,0,"Paid",1
458,70,2,1,0,"Free",0
459,3,1,0,1,"Free",0
460,63,2,0,0,"Paid",0
461,4,1,1,0,"Free",0
462,65,0,1,0,"Free",0
463,41,2,0,2,"Free",0
464,89,2,1,1,"Free",0
465,28,2,0,1,"Free",1
466,5,1,0,1,"Free",0
467,34,1,0,1,"Paid",1
468,45,1,0,1,"Free",0
469,48,0,0,0,"Free",0
470,62,0,1,0,"Free",0
471,32,2,1,1,"Free",1
472,16,1,1,0,"Free",1
473,29,1,1,0,"Free",1
474,81,2,1,0,"Free",0
475,36,2,0,0,"Paid",0
476,3,2,0,0,"Free",0
477,63,3,0,2,"Free",0
478,75,2,0,0,"Paid",1
479,24,4,0,0,"Free",1
480,74,3,1,1,"Free",0
481,48,0,1,1,"Free",1
482,29,1,1,0,"Free",0
483,39,0,0,0,"Free",1
484,51,0,0,0,"Free",1
485,12,2,0,0,"Paid",1
486,72,3,0,0,"Free",0
487,8,0,1,0,"Free",0
488,13,1,1,1,"Paid",1
489,77,0,0,0,"Free",0
490,58,0,0,1,"Free",0
491,85,1,0,2,"Paid",0
492,52,2,0,2,"Free",0
493,54,1,0,0,"Free",0
494,72,2,1,0,"Free",1
495,87,0,1,0,"Paid",1
496,90,2,1,0,"Free",0
497,84,1,1,0,"Free",0
498,58,1,0,0,"Free",0
499,50,1,0,1,"Free",0
500,30,1,1,2,"Free",0
501,79,1,1,0,"Free",1
502,47,2,1,0,"Free",0
503,27,0,0,0,"Free",0
504,51,2,0,0,"Free",0
505,29,0,1,0,"Free",0
506,26,0,1,0,"Free",0
507,46,1,1,0,"Free",0
508,49,2,0,0,"Free",0
509,86,0,1,0,"Free",0
510,47,1,0,0,"Paid",1
511,29,0,1,1,"Free",0
512,29,0,0,1,"Free",0
513,52,2,0,1,"Paid",0
514,2,0,0,0,"Free",0
515,77,1,0,0,"Free",0
516,56,1,0,0,"Free",0
517,50,2,0,0,"Free",0
518,60,3,0,1,"Free",1
519,5,0,0,0,"Free",0
520,37,0,1,0,"Paid",1
521,3,1,0,0,"Paid",0
522,51,2,0,0,"Free",0
523,62,0,0,0,"Paid",0
524,12,3,1,0,"Free",0
525,32,4,0,0,"Free",0
526,51,1,1,2,"Free",0
527,24,2,0,0,"Free",0
528,81,1,1,1,"Paid",1
529,17,3,1,1,"Free",0
530,80,3,0,0,"Free",0
531,25,1,1,1,"Free",0
532,9,0,1,0,"Free",0
533,19,1,0,1,"Free",0
534,28,1,0,0,"Free",0
535,24,2,0,0,"Free",0
536,81,0,0,0,"Paid",1
537,66,2,1,1,"Free",1
538,73,1,1,0,"Free",0
539,29,4,1,0,"Free",0
540,65,2,0,0,"Free",0
541,67,1,0,0,"Paid",0
542,3,1,0,2,"Free",0
543,80,0,0,0,"Free",0
544,65,3,0,1,"Free",0
545,9,1,0,0,"Free",0
546,20,0,0,0,"Paid",1
547,54,1,0,0,"Free",0
548,8,2,1,0,"Free",0
549,21,1,1,0,"Free",0
550,39,2,0,0,"Free",1
551,52,2,1,0,"Paid",1
552,47,3,1,1,"Paid",1
553,42,3,0,0,"Free",0
554,8,4,0,0,"Free",0
555,49,1,0,1,"Free",0
556,77,1,0,1,"Free",0
557,8,1,1,0,"Free",0
558,88,0,0,0,"Free",0
559,12,0,1,1,"Free",0
560,66,1,1,0,"Free",0
561,6,1,0,0,"Free",0
562,39,0,1,1,"Paid",0
563,10,1,1,0,"Free",1
564,86,3,0,0,"Free",0
565,87,4,0,1,"Free",0
566,57,2,1,1,"Paid",1
567,30,3,1,0,"Free",0
568,22,1,0,1,"Free",0
569,48,2,0,0,"Free",0
570,66,1,0,1,"Free",1
571,50,0,0,0,"Free",1
572,11,1,0,0,"Free",0
573,74,2,1,0,"Paid",1
574,18,1,0,0,"Free",0
575,79,1,0,0,"Free",0
576,82,0,0,0,"Free",0
577,75,0,1,0,"Paid",0
578,79,2,1,0,"Free",0
579,45,0,1,0,"Free",1
580,33,3,0,0,"Paid",0
581,31,1,0,1,"Free",0
582,61,1,0,0,"Free",0
583,88,1,0,3,"Free",0
584,1,4,1,0,"Paid",0
585,85,0,0,1,"Free",0
586,45,1,0,0,"Free",0
587,78,0,1,1,"Free",0
588,38,2,0,1,"Paid",1
589,79,2,0,1,"Free",0
590,39,1,0,0,"Free",1
591,48,1,1,0,"Free",0
592,59,1,0,1,"Free",0
593,47,2,0,0,"Free",0
594,70,1,0,3,"Paid",0
595,42,2,1,1,"Free",0
596,54,0,1,0,"Free",1
597,48,2,0,2,"Free",0
598,47,2,1,0,"Paid",1
599,21,0,0,0,"Free",0
600,17,3,0,0,"Free",0
601,54,2,1,0,"Paid",0
602,50,2,1,1,"Free",0
603,68,0,1,0,"Free",0
604,4,1,0,0,"Free",0
605,62,2,0,0,"Paid",0
606,62,1,0,1,"Free",0
607,25,3,0,3,"Free",1
608,15,1,0,0,"Free",1
609,81,0,0,0,"Free",0
610,30,0,1,1,"Free",0
611,29,2,0,0,"Free",1
612,88,4,1,0,"Free",1
613,5,1,0,1,"Paid",1
614,46,1,1,1,"Free",0
615,84,0,1,0,"Free",0
616,74,0,0,1,"Paid",1
617,88,2,1,0,"Free",0
618,17,0,0,0,"Free",0
619,50,0,0,1,"Free",0
620,29,2,1,2,"Free",0
621,71,1,0,0,"Free",1
622,24,2,0,3,"Free",0
623,1,1,1,0,"Free",0
624,60,0,1,0,"Paid",1
625,18,1,0,0,"Free",0
626,17,1,0,0,"Free",0
627,81,3,0,1,"Free",0
628,66,0,0,0,"Paid",0
629,8,1,0,0,"Free",0
630,76,1,0,0,"Free",0
631,35,0,0,0,"Free",0
632,67,3,0,0,"Paid",0
633,48,3,0,2,"Free",1
634,25,1,0,0,"Free",0
635,13,1,0,0,"Paid",0
636,50,1,1,0,"Free",0
637,26,2,0,0,"Free",0
638,54,0,0,0,"Free",0
639,9,0,0,0,"Free",0
640,2,0,1,0,"Free",0
641,71,1,0,0,"Paid",0
642,71,1,0,0,"Free",1
643,33,0,0,0,"Free",0
644,69,2,0,0,"Free",0
645,45,1,0,1,"Paid",0
646,21,1,0,0,"Free",0
647,67,1,0,0,"Free",0
648,3,0,0,1,"Free",1
649,58,1,1,1,"Free",0
650,78,0,1,0,"Paid",0
651,86,1,0,1,"Paid",1
652,34,1,0,0,"Free",0
653,54,0,0,1,"Free",0
654,73,3,0,1,"Free",1
655,31,2,1,0,"Free",0
656,28,1,0,1,"Free",1
657,77,2,1,0,"Paid",0
658,76,8,0,0,"Free",1
659,90,1,0,0,"Free",0
660,41,3,0,0,"Free",0
661,71,0,1,0,"Free",0
662,27,1,0,0,"Free",0
663,16,1,1,0,"Free",0
664,44,1,0,0,"Free",1
665,1,2,0,0,"Paid",1
666,44,2,1,0,"Free",1
667,78,2,0,0,"Free",0
668,39,0,1,1,"Paid",1
669,18,1,0,0,"Free",0
670,10,2,0,0,"Free",0
671,57,0,0,0,"Free",0
672,3,2,0,1,"Free",0
673,29,0,0,0,"Free",0
674,79,2,1,0,"Free",0
675,88,1,1,2,"Free",0
676,43,2,1,0,"Free",1
677,44,1,0,0,"Paid",0
678,79,4,0,0,"Free",0
679,78,1,0,0,"Free",0
680,57,3,0,0,"Free",0
681,32,1,0,1,"Paid",0
682,34,0,0,0,"Paid",0
683,45,1,0,1,"Free",0
684,61,3,0,1,"Paid",1
685,59,1,0,0,"Free",0
686,34,2,1,1,"Free",0
687,54,0,1,0,"Free",0
688,21,1,0,0,"Paid",0
689,32,0,0,1,"Free",0
690,75,0,1,1,"Free",0
691,89,1,1,0,"Free",1
692,14,1,0,0,"Free",0
693,78,0,0,0,"Free",1
694,66,1,1,0,"Free",1
695,47,3,1,0,"Free",0
696,44,0,0,0,"Paid",0
697,55,2,0,0,"Free",0
698,66,1,0,0,"Free",0
699,34,1,1,0,"Free",0
700,65,1,0,1,"Free",0
701,23,1,1,2,"Free",1
702,19,2,0,0,"Paid",1
703,82,1,0,0,"Free",0
704,53,0,0,1,"Free",0
705,65,2,0,1,"Paid",0
706,30,1,1,0,"Paid",1
707,24,0,0,0,"Free",0
708,16,2,1,1,"Free",0
709,66,0,1,0,"Free",0
710,15,0,0,0,"Free",0
711,5,3,0,2,"Free",0
712,27,1,0,0,"Free",0
713,1,0,1,0,"Paid",0
714,26,2,1,0,"Free",1
715,22,3,0,0,"Paid",0
716,40,0,1,0,"Free",1
717,9,3,0,1,"Free",0
718,79,0,0,0,"Free",0
719,83,0,0,0,"Free",0
720,3,3,0,1,"Free",0
721,64,2,1,0,"Free",0
722,21,0,1,0,"Free",0
723,16,1,0,0,"Paid",0
724,15,6,0,0,"Paid",0
725,74,2,0,2,"Free",0
726,12,1,0,1,"Paid",1
727,79,0,1,0,"Free",0
728,24,1,0,0,"Free",0
729,3,2,0,1,"Free",0
730,35,0,1,0,"Paid",1
731,82,0,1,0,"Free",0
732,39,2,0,0,"Paid",1
733,36,2,0,0,"Paid",1
734,84,0,0,0,"Free",0
735,10,1,0,0,"Paid",0
736,50,4,0,0,"Free",0
737,53,1,1,1,"Free",0
738,57,0,0,1,"Free",0
739,82,0,0,1,"Free",0
740,64,2,0,1,"Paid",1
741,61,0,1,0,"Free",1
742,8,2,1,0,"Free",0
743,16,3,0,0,"Paid",1
744,19,1,0,2,"Free",0
745,24,1,1,0,"Free",0
746,65,2,0,0,"Free",0
747,10,1,0,0,"Free",0
748,25,1,0,1,"Free",1
749,30,2,0,0,"Free",0
750,14,0,0,1,"Free",0
751,31,3,1,0,"Free",0
752,78,2,0,1,"Free",0
753,20,0,0,0,"Paid",0
754,22,0,0,0,"Free",0
755,79,2,1,1,"Paid",0
756,37,0,1,0,"Paid",0
757,79,1,0,2,"Paid",0
758,76,1,1,0,"Free",1
759,82,0,0,0,"Free",1
760,4,1,0,1,"Free",0
761,77,1,1,0,"Free",0
762,25,0,1,3,"Free",0
763,7,0,0,0,"Free",0
764,7,0,1,1,"Free",0
765,15,2,1,0,"Free",0
766,65,1,0,0,"Free",0
767,58,0,0,1,"Paid",1
768,66,1,0,1,"Free",0
769,74,1,0,0,"Free",0
770,28,0,0,1,"Free",0
771,82,1,0,1,"Free",0
772,35,1,0,1,"Free",0
773,41,2,1,0,"Paid",0
774,35,0,0,0,"Paid",0
775,3,1,0,1,"Free",0
776,31,0,0,0,"Free",0
777,80,1,0,1,"Free",0
778,23,1,0,1,"Free",0
779,56,0,0,0,"Free",0
780,22,0,0,0,"Paid",0
781,12,1,0,3,"Free",0
782,33,1,1,0,"Paid",0
783,15,1,0,1,"Free",1
784,36,1,0,0,"Free",0
785,24,3,0,0,"Free",1
786,70,1,1,1,"Paid",1
787,90,0,1,0,"Free",1
788,75,0,0,0,"Free",0
789,50,0,0,0,"Free",0
790,4,1,1,0,"Free",0
791,74,0,0,0,"Free",0
792,66,0,0,1,"Free",0
793,23,3,0,0,"Free",0
794,41,2,1,1,"Free",0
795,20,2,0,0,"Paid",1
796,81,0,0,1,"Free",0
797,49,1,0,0,"Paid",1
798,46,3,0,0,"Free",0
799,25,2,0,0,"Paid",0
800,22,0,0,0,"Free",0
801,70,0,0,0,"Free",0
802,25,0,0,0,"Paid",0
803,18,1,0,0,"Free",0
804,75,0,1,0,"Paid",0
805,70,3,1,0,"Paid",1
806,73,4,0,1,"Free",0
807,53,1,0,1,"Paid",0
808,74,2,0,1,"Paid",0
809,12,2,0,0,"Paid",1
810,11,1,0,0,"Free",1
811,33,3,1,0,"Free",0
812,82,2,0,0,"Free",0
813,84,4,1,0,"Paid",1
814,86,1,1,1,"Free",0
815,69,2,1,0,"Free",0
816,3,0,0,1,"Paid",0
817,58,0,0,0,"Free",0
818,28,0,0,0,"Free",0
819,28,2,1,1,"Free",1
820,40,2,0,0,"Free",0
821,1,2,0,0,"Free",0
822,64,2,0,0,"Free",1
823,35,2,0,0,"Free",0
824,19,0,1,0,"Paid",0
825,28,1,1,0,"Free",1
826,69,3,0,0,"Free",0
827,60,0,1,0,"Paid",1
828,81,1,1,2,"Free",0
829,81,1,0,0,"Free",0
830,9,1,0,1,"Free",0
831,76,0,0,0,"Free",0
832,30,0,1,1,"Paid",0
833,34,0,1,2,"Free",1
834,31,1,0,1,"Free",1
835,9,1,1,1,"Free",1
836,88,3,1,2,"Free",1
837,55,1,0,0,"Paid",0
838,86,1,1,1,"Paid",0
839,88,0,1,1,"Free",0
840,36,0,0,1,"Free",1
841,73,2,0,0,"Free",0
842,35,0,1,1,"Free",0
843,20,0,0,0,"Paid",0
844,45,1,0,0,"Free",0
845,51,3,0,1,"Paid",0
846,76,1,1,1,"Paid",1
847,28,2,0,0,"Paid",0
848,7,1,1,2,"Free",0
849,22,0,1,1,"Free",1
850,31,1,0,0,"Free",0
851,51,0,1,0,"Free",0
852,7,1,0,0,"Free",1
853,52,0,0,0,"Free",0
854,3,0,0,0,"Free",0
855,87,1,0,0,"Paid",0
856,61,2,0,0,"Free",0
857,21,0,0,0,"Free",0
858,6,3,0,0,"Free",0
859,75,1,1,0,"Paid",1
860,52,5,0,0,"Free",0
861,24,1,1,1,"Free",0
862,38,0,1,0,"Free",0
863,63,2,1,0,"Paid",0
864,58,2,0,0,"Free",0
865,14,0,0,0,"Free",0
866,7,1,0,0,"Free",0
867,4,1,0,0,"Free",0
868,69,2,1,1,"Free",0
869,52,1,0,0,"Free",0
870,40,0,0,0,"Paid",1
871,32,0,1,0,"Free",0
872,71,2,0,0,"Paid",0
873,84,0,1,1,"Free",0
874,54,1,0,0,"Free",0
875,86,1,0,1,"Free",0
876,65,0,1,0,"Paid",1
877,60,0,0,1,"Paid",0
878,43,1,1,2,"Free",0
879,26,1,1,1,"Free",1
880,1,1,0,0,"Free",0
881,18,1,0,1,"Free",0
882,76,2,0,0,"Free",0
883,48,3,0,0,"Free",0
884,52,0,0,0,"Free",0
885,19,1,0,0,"Free",0
886,83,2,0,0,"Free",1
887,75,2,1,2,"Free",0
888,56,0,0,1,"Paid",1
889,68,0,0,0,"Free",0
890,29,3,1,1,"Free",0
891,20,0,0,1,"Free",0
892,13,1,0,0,"Free",0
893,13,1,0,0,"Free",0
894,75,1,1,1,"Free",1
895,62,3,0,0,"Free",0
896,83,3,0,0,"Paid",1
897,76,3,0,0,"Free",1
898,84,5,0,0,"Paid",0
899,53,0,0,0,"Free",0
900,1,1,1,0,"Free",1
901,13,0,0,0,"Free",0
902,32,1,0,1,"Free",0
903,17,2,1,1,"Free",0
904,84,0,1,0,"Paid",1
905,26,1,0,1,"Free",0
906,27,0,0,1,"Paid",0
907,44,4,0,0,"Free",1
908,2,2,0,1,"Free",0
909,61,2,1,0,"Free",0
910,50,2,0,0,"Paid",1
911,27,0,0,0,"Paid",0
912,72,0,0,0,"Paid",0
913,1,2,1,1,"Free",0
914,58,1,0,0,"Paid",0
915,9,0,1,1,"Free",0
916,42,0,1,1,"Paid",1
917,4,1,0,0,"Free",0
918,7,1,0,0,"Free",1
919,84,1,0,0,"Paid",0
920,76,1,0,0,"Free",0
921,52,1,1,1,"Paid",0
922,42,1,0,0,"Paid",1
923,65,1,1,0,"Free",0
924,60,1,0,0,"Paid",0
925,45,2,0,0,"Free",0
926,71,2,0,1,"Paid",0
927,20,1,0,0,"Paid",0
928,73,2,0,0,"Free",1
929,29,2,0,0,"Paid",0
930,54,1,1,1,"Paid",1
931,16,2,0,0,"Paid",0
932,70,1,1,0,"Free",0
933,75,0,0,1,"Free",1
934,1,4,1,1,"Free",0
935,16,3,0,0,"Paid",1
936,63,2,0,0,"Free",0
937,67,0,0,0,"Free",0
938,33,0,0,0,"Free",0
939,1,2,0,0,"Free",0
940,17,2,0,0,"Free",0
941,75,3,0,1,"Free",0
942,83,2,0,1,"Free",0
943,28,0,1,0,"Paid",0
944,88,3,0,0,"Free",0
945,45,2,0,0,"Free",0
946,1,3,0,0,"Paid",0
947,76,2,1,0,"Free",0
948,19,2,1,0,"Free",0
949,74,1,0,0,"Free",0
950,9,1,0,0,"Free",1
951,66,0,0,1,"Free",0
952,64,0,0,1,"Paid",1
953,13,2,1,0,"Free",0
954,36,2,1,0,"Free",0
955,41,1,1,2,"Free",0
956,20,0,0,0,"Paid",1
957,27,0,1,0,"Free",0
958,23,3,0,1,"Free",0
959,55,1,0,0,"Free",0
960,7,1,1,0,"Free",0
961,31,2,0,0,"Free",1
962,23,3,0,0,"Free",0
963,49,1,0,0,"Paid",0
964,86,1,0,0,"Free",1
965,61,0,1,0,"Free",0
966,3,2,1,0,"Paid",1
967,20,1,1,0,"Free",0
968,19,0,0,0,"Free",0
969,19,0,1,0,"Free",1
970,10,3,0,0,"Free",1
971,38,0,1,0,"Free",0
972,56,1,0,0,"Free",1
973,3,1,0,0,"Free",0
974,74,1,1,1,"Free",1
975,75,0,0,0,"Paid",0
976,11,0,0,2,"Paid",0
977,54,2,0,1,"Free",0
978,49,3,0,0,"Paid",0
979,36,2,0,0,"Free",0
980,53,2,0,0,"Paid",1
981,75,1,0,0,"Free",0
982,11,0,1,0,"Free",1
983,25,1,0,0,"Paid",1
984,20,2,1,0,"Paid",1
985,90,3,0,0,"Free",1
986,61,2,0,1,"Free",1
987,43,1,0,0,"Free",1
988,51,1,0,0,"Free",1
989,34,1,0,0,"Free",0
990,31,0,0,0,"Paid",0
991,16,2,0,0,"Free",0
992,64,2,0,0,"Free",0
993,57,2,0,0,"Free",1
994,45,2,1,0,"Free",1
995,26,0,1,2,"Free",0
996,5,2,1,0,"Free",0
997,77,1,1,0,"Paid",1
998,86,1,0,0,"Free",0
999,50,2,1,1,"Free",0
1000,1,1,0,0,"Paid",0
1001,72,0,0,0,"Free",0
1002,83,0,0,0,"Free",0
1003,27,0,0,0,"Free",0
1004,73,2,1,0,"Free",0
1005,61,2,1,0,"Free",1
1006,51,2,0,1,"Free",0
1007,42,0,0,1,"Paid",0
1008,27,1,1,0,"Free",0
1009,89,4,0,0,"Free",0
1010,35,2,0,0,"Free",0
1011,63,1,0,0,"Free",0
1012,23,2,1,1,"Paid",1
1013,72,3,1,0,"Free",0
1014,12,1,0,0,"Free",0
1015,71,1,1,1,"Free",0
1016,71,0,0,0,"Paid",0
1017,27,1,0,1,"Free",1
1018,77,1,1,1,"Free",0
1019,79,1,0,0,"Free",0
1020,74,1,0,2,"Free",0
1021,57,2,0,0,"Paid",1
1022,21,2,1,0,"Paid",1
1023,40,3,0,0,"Free",0
1024,55,5,0,1,"Free",0
1025,37,1,0,1,"Free",0
1026,40,0,0,0,"Free",1
1027,27,1,0,1,"Paid",1
1028,54,0,1,0,"Free",1
1029,32,2,1,0,"Free",0
1030,19,4,1,1,"Free",0
1031,4,1,0,1,"Free",0
1032,55,2,0,0,"Free",0
1033,83,1,0,0,"Paid",0
1034,23,1,0,0,"Free",0
1035,88,2,0,0,"Paid",1
1036,53,2,1,1,"Free",0
1037,22,2,1,0,"Free",0
1038,14,2,0,0,"Free",0
1039,71,3,0,0,"Free",0
1040,32,3,0,0,"Free",0
1041,1,1,0,1,"Free",0
1042,21,4,0,2,"Paid",0
1043,13,2,0,0,"Free",0
1044,69,3,1,0,"Paid",0
1045,1,3,0,2,"Free",1
1046,80,0,1,0,"Free",0
1047,53,1,0,2,"Free",1
1048,7,0,0,0,"Free",1
1049,33,2,0,0,"Paid",1
1050,56,1,0,1,"Free",0
1051,17,2,0,0,"Paid",0
1052,31,1,0,0,"Paid",0
1053,8,0,0,0,"Free",0
1054,10,2,0,0,"Free",0
1055,37,0,0,3,"Free",0
1056,54,2,1,0,"Free",0
1057,81,1,0,0,"Paid",0
1058,74,2,1,1,"Free",0
1059,21,1,1,0,"Paid",1
1060,48,0,0,0,"Paid",1
1061,42,0,0,0,"Free",1
1062,20,0,0,0,"Free",0
1063,86,0,0,0,"Paid",0
1064,73,0,1,0,"Free",1
1065,74,0,0,3,"Free",0
1066,61,2,0,0,"Free",1
1067,20,3,0,0,"Paid",1
1068,15,1,0,3,"Free",0
1069,75,3,0,0,"Free",0
1070,69,3,0,0,"Paid",1
1071,43,0,1,0,"Free",0
1072,19,2,1,1,"Paid",0
1073,6,1,0,1,"Free",0
1074,28,2,0,0,"Free",0
1075,11,1,0,0,"Free",0
1076,70,0,1,0,"Free",0
1077,35,2,1,0,"Free",1
1078,45,0,1,0,"Paid",0
1079,25,2,0,0,"Free",1
1080,38,1,1,0,"Free",0
1081,80,1,0,0,"Free",0
1082,69,2,0,0,"Free",0
1083,72,2,0,0,"Free",1
1084,29,1,0,1,"Free",0
1085,21,1,1,1,"Free",0
1086,73,1,0,0,"Paid",0
1087,76,1,1,0,"Paid",1
1088,73,1,1,0,"Paid",0
1089,69,1,1,0,"Free",0
1090,76,1,0,0,"Free",0
1091,67,0,1,0,"Free",1
1092,48,3,1,0,"Free",1
1093,46,1,0,1,"Free",0
1094,25,3,1,0,"Free",0
1095,78,1,0,0,"Free",1
1096,72,0,0,1,"Free",0
1097,6,3,1,0,"Free",0
1098,42,1,1,0,"Free",1
1099,61,1,1,0,"Paid",0
1100,47,3,1,0,"Paid",1
1101,74,3,0,0,"Paid",1
1102,8,1,1,0,"Free",0
1103,81,2,0,0,"Paid",0
1104,29,2,0,0,"Free",0
1105,54,1,0,3,"Free",0
1106,79,1,1,0,"Free",1
1107,57,1,0,0,"Free",0
1108,83,0,0,0,"Paid",0
1109,37,0,0,1,"Paid",1
1110,60,3,0,0,"Free",1
1111,61,0,1,0,"Free",0
1112,88,1,0,1,"Paid",0
1113,83,2,0,1,"Paid",1
1114,57,2,0,1,"Paid",0
1115,63,0,1,0,"Free",0
1116,7,1,0,0,"Free",1
1117,86,1,0,0,"Paid",0
1118,14,1,0,0,"Free",1
1119,80,2,0,0,"Free",1
1120,73,1,0,0,"Free",0
1121,75,1,1,0,"Paid",1
1122,35,3,0,1,"Free",0
1123,4,2,0,0,"Paid",0
1124,39,2,1,0,"Free",0
1125,26,2,0,0,"Free",0
1126,27,2,1,0,"Free",1
1127,39,1,1,1,"Free",0
1128,33,0,0,1,"Free",0
1129,74,1,0,0,"Free",0
1130,41,0,1,0,"Free",0
1131,39,1,1,0,"Paid",1
1132,53,2,0,0,"Free",1
1133,42,0,0,1,"Free",0
1134,23,1,1,1,"Free",1
1135,28,0,0,1,"Free",0
1136,49,1,0,1,"Free",0
1137,60,2,0,0,"Free",0
1138,49,0,0,1,"Free",0
1139,77,2,0,1,"Free",0
1140,14,2,0,0,"Free",0
1141,27,0,0,0,"Free",1
1142,56,1,0,0,"Free",0
1143,38,3,1,0,"Free",0
1144,66,2,0,0,"Free",0
1145,90,1,1,0,"Free",0
1146,85,1,1,0,"Paid",1
1147,34,0,0,1,"Paid",1
1148,88,0,0,2,"Free",0
1149,46,0,0,0,"Free",0
1150,46,1,1,0,"Free",0
1151,44,0,0,0,"Free",0
1152,55,0,0,0,"Free",1
1153,10,0,0,0,"Free",0
1154,70,1,0,0,"Free",0
1155,50,0,0,1,"Free",0
1156,56,0,1,1,"Paid",1
1157,50,1,1,0,"Paid",1
1158,51,1,0,0,"Free",0
1159,3,1,0,0,"Free",0
1160,22,0,1,0,"Free",1
1161,76,1,0,0,"Free",0
1162,48,0,0,0,"Free",0
1163,27,2,1,1,"Free",0
1164,10,1,0,1,"Paid",1
1165,32,2,0,0,"Free",0
1166,71,0,0,1,"Paid",1
1167,55,2,0,3,"Paid",0
1168,52,1,0,0,"Paid",0
1169,79,1,0,0,"Free",0
1170,60,0,1,0,"Free",1
1171,48,4,0,0,"Paid",0
1172,35,0,0,1,"Paid",1
1173,83,4,0,0,"Paid",1
1174,52,2,0,0,"Paid",1
1175,51,2,0,1,"Paid",1
1176,34,2,0,0,"Free",1
1177,52,0,1,0,"Free",0
1178,26,4,1,0,"Free",0
1179,61,2,0,0,"Free",1
1180,29,0,0,1,"Free",0
1181,49,3,0,0,"Paid",0
1182,14,1,1,0,"Free",0
1183,56,1,0,0,"Paid",1
1184,49,1,0,1,"Free",0
1185,87,2,1,1,"Paid",0
1186,88,2,1,0,"Paid",1
1187,83,1,0,0,"Free",0
1188,40,1,0,1,"Paid",0
1189,14,1,0,0,"Free",0
1190,67,2,0,0,"Free",0
1191,68,2,1,0,"Paid",0
1192,26,3,1,1,"Free",0
1193,54,1,0,1,"Paid",0
1194,36,0,0,1,"Free",1
1195,82,3,0,1,"Paid",1
1196,80,1,0,1,"Free",0
1197,13,2,0,0,"Free",1
1198,13,1,1,0,"Paid",1
1199,36,1,0,0,"Free",0
1200,87,4,0,0,"Free",0
1201,80,0,0,1,"Free",0
1202,30,1,0,0,"Paid",0
1203,60,1,0,0,"Free",0
1204,59,1,0,0,"Paid",1
1205,61,1,0,0,"Free",0
1206,26,1,1,0,"Free",0
1207,56,0,1,0,"Paid",0
1208,17,1,0,0,"Free",0
1209,55,2,1,1,"Paid",1
1210,85,3,1,2,"Paid",1
1211,16,4,0,0,"Paid",0
1212,68,2,0,2,"Paid",1
1213,14,3,0,0,"Free",0
1214,15,0,0,2,"Paid",0
1215,58,0,1,1,"Paid",1
1216,18,1,0,1,"Free",0
1217,69,2,0,0,"Free",1
1218,43,3,0,2,"Free",0
1219,58,3,0,1,"Free",0
1220,84,0,1,0,"Free",0
1221,21,0,0,0,"Paid",1
1222,58,0,1,0,"Free",0
1223,79,1,1,0,"Free",0
1224,76,3,0,0,"Free",0
1225,52,1,0,0,"Free",0
1226,81,1,0,1,"Free",1
1227,8,1,1,0,"Paid",0
1228,44,0,1,0,"Paid",0
1229,30,0,0,0,"Paid",0
1230,64,1,1,0,"Free",0
1231,53,1,0,0,"Free",0
1232,85,0,0,0,"Free",1
1233,68,4,0,0,"Free",0
1234,81,1,0,0,"Free",0
1235,33,2,0,0,"Free",0
1236,90,0,0,0,"Free",0
1237,84,2,1,0,"Paid",0
1238,80,1,0,1,"Free",0
1239,31,0,0,0,"Free",0
1240,46,0,1,0,"Free",0
1241,21,1,0,0,"Paid",1
1242,48,0,0,0,"Free",0
1243,88,1,1,0,"Free",0
1244,66,0,1,0,"Free",1
1245,22,0,0,0,"Paid",0
1246,34,1,1,1,"Free",0
1247,88,2,0,1,"Free",1
1248,31,1,0,0,"Free",0
1249,61,1,1,1,"Free",1
1250,79,4,1,0,"Free",0
1251,47,2,1,1,"Paid",1
1252,38,3,0,0,"Paid",1
1253,34,0,0,0,"Free",1
1254,1,1,1,1,"Free",0
1255,67,1,1,0,"Free",0
1256,74,3,1,0,"Free",1
1257,62,1,0,0,"Free",0
1258,73,2,0,0,"Free",0
1259,5,1,0,0,"Free",1
1260,90,1,1,0,"Free",1
1261,31,2,1,0,"Free",1
1262,60,1,1,0,"Free",0
1263,59,1,0,1,"Free",1
1264,5,2,0,0,"Free",0
1265,42,2,0,0,"Paid",0
1266,88,0,1,0,"Free",0
1267,6,1,0,1,"Paid",0
1268,47,0,0,1,"Free",0
1269,77,2,1,0,"Free",1
1270,39,0,1,0,"Free",1
1271,17,0,1,0,"Free",0
1272,62,0,0,1,"Paid",1
1273,42,0,0,0,"Free",0
1274,87,2,1,1,"Free",1
1275,8,0,0,0,"Free",0
1276,62,2,1,0,"Free",0
1277,85,1,0,0,"Free",0
1278,70,0,0,0,"Paid",1
1279,88,2,0,1,"Free",0
1280,38,1,0,0,"Paid",0
1281,86,0,0,2,"Free",0
1282,79,0,0,0,"Paid",1
1283,43,2,1,2,"Paid",1
1284,58,0,0,3,"Free",0
1285,29,2,1,0,"Free",0
1286,16,1,0,0,"Paid",0
1287,86,2,0,0,"Paid",0
1288,62,1,0,0,"Free",0
1289,74,0,1,0,"Paid",0
1290,58,4,0,0,"Free",1
1291,1,0,0,0,"Free",0
1292,45,1,0,0,"Free",1
1293,9,1,1,0,"Paid",0
1294,77,1,0,0,"Paid",1
1295,58,3,0,0,"Free",0
1296,12,1,1,0,"Free",0
1297,73,2,0,0,"Paid",0
1298,48,3,0,0,"Paid",0
1299,37,1,0,0,"Free",1
1300,31,1,0,0,"Paid",1
1301,86,1,0,0,"Paid",0
1302,67,1,1,0,"Free",0
1303,58,1,0,1,"Free",0
1304,2,1,0,0,"Free",0
1305,24,1,0,0,"Free",0
1306,88,2,0,1,"Paid",0
1307,45,0,1,0,"Free",0
1308,83,2,0,3,"Free",0
1309,15,2,0,0,"Paid",0
1310,55,3,0,0,"Paid",1
1311,1,1,0,0,"Free",0
1312,66,1,1,0,"Free",0
1313,24,1,0,0,"Free",0
1314,67,1,0,0,"Free",0
1315,36,2,1,0,"Paid",1
1316,7,1,0,0,"Free",0
1317,24,1,1,0,"Free",1
1318,79,0,0,1,"Free",0
1319,67,1,1,1,"Free",0
1320,19,2,1,0,"Free",0
1321,81,0,0,0,"Free",0
1322,81,2,0,0,"Free",0
1323,82,1,0,0,"Free",0
1324,72,2,0,0,"Free",0
1325,57,2,1,1,"Free",0
1326,14,3,0,1,"Paid",0
1327,77,1,1,1,"Free",1
1328,82,0,0,0,"Free",0
1329,67,2,0,0,"Free",0
1330,84,3,1,0,"Free",0
1331,76,0,1,0,"Free",0
1332,56,2,1,1,"Free",0
1333,36,1,0,1,"Free",0
1334,79,0,0,0,"Free",0
1335,90,2,1,1,"Free",1
1336,52,2,0,0,"Free",0
1337,11,1,0,1,"Paid",1
1338,24,1,0,0,"Free",0
1339,67,3,1,0,"Free",0
1340,67,2,1,0,"Paid",0
1341,16,1,0,0,"Paid",0
1342,64,1,0,0,"Free",0
1343,45,1,1,2,"Free",0
1344,59,0,1,0,"Paid",1
1345,18,1,1,1,"Paid",0
1346,51,0,0,0,"Free",0
1347,23,2,1,0,"Free",0
1348,35,1,1,1,"Paid",1
1349,35,4,1,0,"Free",0
1350,51,1,1,0,"Paid",0
1351,88,1,1,0,"Free",0
1352,39,1,0,2,"Free",0
1353,26,3,1,1,"Paid",1
1354,88,2,0,0,"Paid",1
1355,2,0,1,0,"Free",0
1356,3,0,1,1,"Paid",1
1357,73,2,0,0,"Free",0
1358,34,1,0,0,"Paid",1
1359,70,1,0,1,"Paid",0
1360,42,1,1,0,"Free",1
1361,12,0,0,4,"Free",0
1362,41,1,0,0,"Free",0
1363,19,1,1,0,"Free",0
1364,11,3,1,0,"Free",0
1365,8,0,0,1,"Free",0
1366,6,1,1,0,"Free",1
1367,76,1,0,0,"Free",0
1368,45,2,0,0,"Paid",0
1369,7,1,0,0,"Paid",0
1370,10,0,0,0,"Free",0
1371,30,3,0,0,"Free",0
1372,46,0,0,0,"Free",0
1373,9,2,1,0,"Paid",1
1374,89,0,1,0,"Free",1
1375,75,1,0,0,"Paid",0
1376,62,1,1,1,"Paid",1
1377,18,0,0,0,"Paid",1
1378,7,0,0,0,"Free",0
1379,25,1,0,2,"Free",0
1380,29,0,0,0,"Paid",1
1381,64,0,0,0,"Free",0
1382,68,1,0,0,"Paid",0
1383,9,0,1,0,"Free",1
1384,38,1,1,0,"Free",0
1385,54,0,1,0,"Free",1
1386,48,1,1,0,"Free",0
1387,73,0,0,0,"Paid",0
1388,11,1,1,1,"Paid",1
1389,44,0,0,2,"Free",0
1390,59,1,1,1,"Free",0
1391,20,0,0,0,"Free",1
1392,18,3,0,2,"Free",0
1393,61,0,0,1,"Paid",1
1394,22,0,0,0,"Free",0
1395,36,0,0,0,"Free",0
1396,44,3,1,0,"Free",0
1397,68,1,1,1,"Free",0
1398,85,0,0,2,"Free",0
1399,51,2,0,0,"Paid",0
1400,6,2,0,0,"Free",0
1401,61,0,1,1,"Paid",0
1402,40,1,0,0,"Free",0
1403,55,3,0,0,"Paid",0
1404,26,0,1,0,"Free",1
1405,14,0,0,0,"Paid",0
1406,58,1,1,1,"Free",0
1407,16,1,0,1,"Free",0
1408,1,1,1,2,"Free",0
1409,10,1,0,1,"Free",0
1410,18,0,0,0,"Free",0
1411,32,0,0,1,"Free",0
1412,82,2,1,0,"Free",0
1413,58,5,0,0,"Free",0
1414,47,2,0,1,"Free",0
1415,48,2,0,0,"Free",1
1416,79,2,0,0,"Free",0
1417,73,2,1,0,"Free",0
1418,63,0,1,0,"Paid",1
1419,57,2,1,0,"Paid",1
1420,84,1,0,2,"Paid",0
1421,32,0,0,1,"Paid",0
1422,70,1,1,0,"Free",0
1423,58,0,0,0,"Paid",0
1424,49,3,0,0,"Free",1
1425,13,0,0,1,"Free",0
1426,15,1,1,0,"Free",0
1427,81,0,1,0,"Free",0
1428,24,0,0,2,"Free",0
1429,82,4,0,1,"Free",0
1430,48,1,0,0,"Paid",0
1431,24,1,0,0,"Free",0
1432,90,1,1,1,"Free",0
1433,47,1,0,3,"Paid",1
1434,14,2,0,0,"Free",0
1435,7,1,1,2,"Free",0
1436,69,0,1,0,"Free",0
1437,20,0,0,0,"Free",0
1438,51,1,0,0,"Paid",0
1439,17,1,1,0,"Free",0
1440,6,3,0,0,"Free",0
1441,47,1,0,1,"Free",0
1442,67,0,1,0,"Paid",1
1443,7,1,0,3,"Paid",1
1444,30,0,0,0,"Free",0
1445,47,1,1,0,"Free",1
1446,52,2,1,1,"Free",1
1447,84,1,0,0,"Paid",1
1448,19,1,1,0,"Paid",0
1449,79,1,0,0,"Paid",0
1450,26,0,1,0,"Free",0
1451,57,1,0,0,"Paid",0
1452,49,2,0,0,"Paid",0
1453,40,0,0,1,"Free",0
1454,88,2,1,0,"Free",0
1455,61,2,0,0,"Free",0
1456,42,0,1,0,"Paid",1
1457,11,1,0,0,"Free",0
1458,66,0,0,0,"Free",0
1459,2,0,1,0,"Free",0
1460,76,0,0,0,"Free",0
1461,64,1,0,2,"Paid",1
1462,31,0,0,0,"Free",0
1463,83,0,0,1,"Free",0
1464,54,0,1,0,"Paid",1
1465,18,0,0,0,"Free",0
1466,50,0,0,2,"Paid",1
1467,72,0,0,0,"Free",0
1468,52,1,0,1,"Free",1
1469,90,1,1,0,"Free",0
1470,68,1,1,0,"Paid",0
1471,4,0,1,1,"Free",0
1472,50,3,1,0,"Paid",1
1473,63,3,0,0,"Free",0
1474,85,2,1,0,"Free",0
1475,13,2,0,0,"Free",0
1476,59,0,1,0,"Free",0
1477,70,0,0,0,"Paid",1
1478,64,1,1,1,"Free",0
1479,47,0,0,0,"Free",0
1480,27,3,0,2,"Free",0
1481,15,4,1,0,"Free",0
1482,23,0,0,0,"Paid",1
1483,83,2,0,0,"Free",1
1484,15,4,0,0,"Paid",1
1485,84,2,0,1,"Paid",0
1486,58,2,0,0,"Free",0
1487,13,1,0,0,"Free",1
1488,44,1,1,0,"Free",0
1489,40,3,0,0,"Free",0
1490,68,2,0,0,"Free",1
1491,22,0,0,0,"Free",0
1492,80,0,0,0,"Free",0
1493,11,2,0,0,"Paid",1
1494,78,0,0,1,"Free",0
1495,14,0,1,2,"Paid",1
1496,74,3,0,0,"Free",0
1497,48,1,0,0,"Free",0
1498,26,4,0,0,"Free",0
1499,39,3,1,0,"Free",1
1500,70,1,0,0,"Free",0
1501,84,2,0,0,"Free",0
1502,50,1,1,0,"Free",0
1503,45,1,0,0,"Free",0
1504,78,1,0,1,"Free",0
1505,7,1,1,1,"Paid",1
1506,25,3,0,3,"Free",0
1507,86,1,0,1,"Paid",1
1508,55,1,0,0,"Free",0
1509,13,1,0,0,"Free",0
1510,33,2,1,1,"Paid",1
1511,66,0,0,1,"Free",1
1512,65,1,0,0,"Free",0
1513,75,0,0,0,"Free",0
1514,80,0,1,0,"Free",0
1515,79,1,0,0,"Free",0
1516,28,2,0,0,"Free",0
1517,41,1,1,0,"Free",0
1518,49,1,0,1,"Paid",0
1519,10,1,1,1,"Free",1
1520,64,1,1,0,"Paid",1
1521,19,2,0,0,"Free",0
1522,4,0,1,0,"Free",0
1523,22,1,1,0,"Free",0
1524,4,2,0,1,"Free",0
1525,19,1,1,0,"Paid",0
1526,27,0,1,0,"Free",1
1527,12,2,0,1,"Free",0
1528,18,0,0,0,"Free",1
1529,17,4,1,0,"Free",1
1530,39,0,1,1,"Free",1
1531,77,2,0,0,"Free",0
1532,29,1,0,1,"Free",0
1533,4,1,1,0,"Free",0
1534,67,4,1,1,"Paid",1
1535,36,0,0,0,"Paid",0
1536,33,2,0,0,"Free",0
1537,3,0,0,1,"Free",0
1538,20,1,1,0,"Paid",0
1539,67,2,0,0,"Paid",1
1540,81,0,0,0,"Free",0
1541,56,1,0,1,"Free",0
1542,24,2,0,0,"Free",0
1543,71,1,1,0,"Paid",0
1544,87,2,0,0,"Paid",0
1545,25,1,0,0,"Free",0
1546,69,0,0,0,"Free",0
1547,44,1,0,0,"Paid",0
1548,84,1,0,0,"Free",0
1549,56,3,0,0,"Free",1
1550,29,3,0,0,"Free",0
1551,20,0,0,0,"Free",0
1552,22,3,0,0,"Paid",1
1553,73,0,1,1,"Paid",1
1554,87,0,1,0,"Free",1
1555,39,2,1,0,"Free",0
1556,7,1,1,0,"Paid",0
1557,29,1,0,0,"Paid",0
1558,86,1,0,0,"Free",1
1559,2,2,0,1,"Paid",0
1560,72,2,0,1,"Paid",0
1561,23,2,0,0,"Paid",0
1562,74,3,1,0,"Paid",1
1563,56,0,0,0,"Free",0
1564,7,1,0,0,"Paid",0
1565,89,3,0,0,"Paid",1
1566,4,1,1,0,"Paid",0
1567,83,1,0,0,"Free",0
1568,27,1,0,0,"Paid",1
1569,14,1,0,1,"Free",1
1570,62,2,0,0,"Paid",0
1571,42,0,0,1,"Free",0
1572,4,2,0,0,"Free",0
1573,48,2,1,0,"Free",0
1574,28,2,1,1,"Paid",1
1575,77,1,0,1,"Free",0
1576,14,0,1,1,"Free",1
1577,38,0,0,0,"Free",0
1578,19,2,0,0,"Free",0
1579,24,1,0,0,"Free",0
1580,67,1,1,2,"Free",0
1581,20,0,0,0,"Paid",0
1582,30,1,0,1,"Free",0
1583,65,3,1,0,"Free",1
1584,86,0,0,0,"Free",0
1585,37,2,0,0,"Free",0
1586,55,1,1,0,"Free",0
1587,71,0,0,0,"Free",0
1588,22,1,1,0,"Free",0
1589,61,0,0,0,"Free",1
1590,17,1,1,0,"Free",1
1591,62,1,0,1,"Free",1
1592,43,1,1,0,"Free",0
1593,90,1,0,0,"Free",0
1594,6,2,0,0,"Free",0
1595,73,1,0,0,"Free",1
1596,27,1,1,1,"Free",0
1597,44,4,0,0,"Free",0
1598,37,0,0,1,"Free",0
1599,49,0,1,0,"Paid",0
1600,32,2,1,0,"Free",0
1601,79,2,0,0,"Paid",0
1602,72,0,1,2,"Paid",0
1603,40,2,1,0,"Free",0
1604,37,0,0,0,"Free",0
1605,90,1,0,0,"Free",0
1606,4,2,0,0,"Paid",0
1607,70,1,0,0,"Paid",0
1608,18,1,1,0,"Paid",0
1609,26,0,0,0,"Free",0
1610,62,3,0,1,"Free",0
1611,83,1,0,0,"Free",0
1612,51,1,0,0,"Free",0
1613,77,0,0,0,"Free",0
1614,16,0,1,2,"Free",1
1615,20,2,0,0,"Paid",0
1616,88,1,1,0,"Free",0
1617,5,1,0,0,"Free",0
1618,80,0,0,1,"Paid",1
1619,8,2,1,0,"Free",0
1620,16,0,0,1,"Free",0
1621,51,2,0,0,"Paid",0
1622,79,1,0,0,"Free",1
1623,74,1,0,0,"Free",0
1624,2,1,0,1,"Free",0
1625,51,1,0,1,"Free",0
1626,2,1,1,1,"Free",0
1627,73,0,0,1,"Free",0
1628,30,0,0,0,"Free",0
1629,5,0,0,0,"Free",0
1630,18,2,0,0,"Free",1
1631,74,0,0,1,"Free",1
1632,48,2,0,0,"Paid",0
1633,25,2,0,1,"Free",1
1634,33,2,1,0,"Free",1
1635,54,2,0,0,"Free",0
1636,75,3,1,0,"Free",0
1637,85,1,0,0,"Free",0
1638,44,1,1,0,"Paid",1
1639,70,2,0,0,"Free",0
1640,13,0,1,0,"Paid",1
1641,64,2,1,0,"Paid",0
1642,85,2,0,0,"Free",0
1643,43,3,0,0,"Free",0
1644,67,2,0,0,"Paid",0
1645,25,0,0,0,"Free",0
1646,4,1,0,1,"Free",0
1647,68,3,0,0,"Free",0
1648,62,2,0,1,"Free",0
1649,58,0,1,0,"Free",0
1650,44,0,1,0,"Free",0
1651,59,1,0,2,"Free",0
1652,81,1,0,0,"Free",0
1653,17,2,0,1,"Free",0
1654,6,1,1,2,"Paid",0
1655,58,1,0,1,"Paid",0
1656,65,1,1,3,"Paid",0
1657,55,1,0,0,"Paid",0
1658,17,0,0,0,"Paid",0
1659,47,1,1,1,"Free",0
1660,31,1,0,0,"Free",0
1661,31,1,0,0,"Free",0
1662,68,0,1,0,"Free",0
1663,84,2,0,0,"Free",1
1664,17,1,0,0,"Paid",0
1665,9,0,0,0,"Paid",0
1666,52,2,0,0,"Free",1
1667,44,0,1,1,"Free",1
1668,39,3,0,2,"Paid",1
1669,45,2,0,1,"Free",0
1670,90,1,1,0,"Free",0
1671,24,2,1,0,"Free",1
1672,53,0,0,0,"Free",0
1673,72,2,0,0,"Free",1
1674,22,1,1,0,"Free",0
1675,1,0,0,1,"Free",1
1676,59,0,0,1,"Free",0
1677,80,0,0,1,"Paid",0
1678,7,2,0,0,"Paid",0
1679,48,0,1,0,"Free",0
1680,33,2,1,0,"Free",0
1681,9,0,1,1,"Paid",1
1682,37,3,0,0,"Paid",0
1683,15,1,0,0,"Paid",0
1684,1,3,1,1,"Paid",1
1685,30,1,1,0,"Paid",0
1686,41,1,0,0,"Paid",0
1687,70,2,0,0,"Paid",0
1688,67,2,0,2,"Free",0
1689,14,1,0,1,"Paid",0
1690,1,1,1,0,"Free",0
1691,51,0,0,0,"Free",0
1692,54,0,0,1,"Free",0
1693,38,3,1,0,"Free",0
1694,24,2,0,1,"Paid",0
1695,53,0,0,1,"Free",0
1696,88,0,0,0,"Paid",0
1697,15,0,0,0,"Paid",1
1698,12,6,1,0,"Free",1
1699,78,0,0,0,"Free",1
1700,10,1,1,0,"Free",0
1701,44,1,1,0,"Free",0
1702,41,3,1,0,"Free",0
1703,72,1,0,1,"Paid",0
1704,72,1,0,1,"Paid",0
1705,9,1,1,0,"Free",1
1706,20,0,0,0,"Free",0
1707,11,2,1,0,"Paid",0
1708,57,2,1,0,"Free",0
1709,65,0,0,0,"Free",0
1710,2,1,0,1,"Paid",1
1711,11,6,0,0,"Free",1
1712,85,3,0,1,"Free",0
1713,13,3,1,0,"Free",1
1714,2,1,1,0,"Free",0
1715,81,2,0,0,"Free",1
1716,6,4,0,1,"Free",1
1717,13,0,0,0,"Free",0
1718,62,1,1,1,"Free",0
1719,70,0,0,0,"Free",0
1720,14,0,0,0,"Free",0
1721,51,2,1,0,"Free",0
1722,13,0,0,1,"Free",0
1723,27,1,0,0,"Free",1
1724,31,1,0,0,"Free",0
1725,20,2,0,0,"Free",0
1726,3,0,0,1,"Free",0
1727,71,1,0,0,"Free",0
1728,11,1,1,0,"Free",0
1729,77,0,1,0,"Free",0
1730,38,1,1,0,"Free",0
1731,84,1,1,0,"Paid",1
1732,61,0,0,0,"Free",1
1733,29,0,0,0,"Free",0
1734,71,1,0,0,"Paid",0
1735,24,1,1,0,"Free",1
1736,85,1,0,0,"Paid",1
1737,25,0,1,0,"Free",1
1738,16,2,1,1,"Free",0
1739,5,1,0,2,"Free",0
1740,29,2,0,0,"Free",0
1741,18,1,0,0,"Free",0
1742,12,0,1,0,"Free",0
1743,66,1,1,0,"Free",0
1744,62,1,0,0,"Paid",0
1745,15,0,0,1,"Free",0
1746,10,2,0,1,"Paid",1
1747,49,1,0,1,"Free",0
1748,13,2,0,0,"Free",0
1749,26,1,0,0,"Paid",1
1750,12,1,0,1,"Paid",0
1751,25,4,0,0,"Free",0
1752,82,0,0,3,"Free",0
1753,3,2,0,1,"Paid",0
1754,43,0,0,0,"Free",1
1755,39,3,0,0,"Free",0
1756,78,1,0,0,"Free",0
1757,20,0,1,1,"Free",0
1758,65,0,1,0,"Paid",0
1759,15,2,0,0,"Paid",0
1760,80,0,0,0,"Free",0
1761,62,0,0,1,"Free",0
1762,11,1,0,1,"Free",0
1763,89,1,1,0,"Free",0
1764,89,5,1,1,"Paid",1
1765,33,3,1,3,"Free",0
1766,64,1,1,0,"Free",0
1767,36,1,1,0,"Paid",0
1768,2,0,0,0,"Free",0
1769,81,0,0,2,"Paid",0
1770,38,2,1,2,"Free",1
1771,26,4,0,1,"Free",1
1772,61,1,1,0,"Paid",0
1773,38,1,0,0,"Free",0
1774,2,1,0,1,"Paid",0
1775,68,0,0,1,"Paid",0
1776,40,2,0,1,"Paid",0
1777,89,3,0,0,"Free",1
1778,83,0,0,0,"Free",0
1779,6,4,0,1,"Free",0
1780,27,2,0,0,"Paid",0
1781,52,1,0,1,"Free",0
1782,17,2,0,0,"Free",0
1783,89,2,0,1,"Free",0
1784,14,1,1,0,"Paid",1
1785,58,0,0,0,"Free",0
1786,67,0,1,0,"Free",1
1787,80,1,1,0,"Free",0
1788,63,3,0,0,"Free",0
1789,35,2,0,0,"Paid",1
1790,84,0,0,1,"Free",0
1791,47,1,0,0,"Paid",0
1792,19,2,0,0,"Free",0
1793,54,1,1,1,"Paid",1
1794,24,0,0,0,"Free",0
1795,84,3,0,1,"Paid",1
1796,13,3,1,1,"Free",1
1797,67,2,1,0,"Paid",0
1798,83,0,0,0,"Paid",0
1799,82,3,1,1,"Paid",1
1800,71,1,0,1,"Free",0
1801,11,3,0,0,"Free",1
1802,32,1,1,0,"Free",0
1803,47,0,1,0,"Free",0
1804,54,0,0,0,"Paid",1
1805,68,0,0,0,"Free",0
1806,53,2,0,0,"Free",0
1807,54,0,0,0,"Free",0
1808,10,2,1,1,"Free",1
1809,50,2,1,0,"Paid",0
1810,88,1,0,0,"Paid",1
1811,70,1,0,1,"Free",0
1812,81,0,0,0,"Free",0
1813,8,0,0,1,"Free",0
1814,75,1,1,0,"Free",0
1815,41,3,0,0,"Free",1
1816,85,1,0,2,"Free",0
1817,51,2,0,1,"Paid",1
1818,39,0,0,1,"Free",0
1819,85,0,0,0,"Free",0
1820,19,2,0,1,"Paid",0
1821,83,2,0,0,"Paid",0
1822,9,2,0,0,"Paid",0
1823,87,1,0,1,"Free",0
1824,72,1,0,0,"Free",1
1825,85,1,1,1,"Paid",0
1826,21,2,1,0,"Free",0
1827,2,1,0,1,"Free",0
1828,14,2,1,2,"Free",1
1829,65,1,0,0,"Free",1
1830,17,1,1,0,"Free",0
1831,33,3,0,1,"Free",0
1832,15,1,0,1,"Paid",0
1833,76,3,0,1,"Paid",0
1834,12,1,0,0,"Free",0
1835,36,1,1,1,"Paid",0
1836,60,1,0,0,"Paid",1
1837,44,0,0,0,"Paid",0
1838,89,2,0,0,"Free",0
1839,22,1,1,0,"Paid",1
1840,16,2,0,0,"Free",0
1841,55,0,0,1,"Free",0
1842,33,0,0,1,"Free",1
1843,3,1,0,0,"Paid",0
1844,12,0,0,1,"Free",0
1845,62,2,0,0,"Free",0
1846,77,1,0,0,"Free",0
1847,7,1,0,1,"Free",0
1848,70,1,1,0,"Free",0
1849,25,1,0,0,"Free",1
1850,24,1,0,0,"Free",0
1851,6,0,1,1,"Free",0
1852,89,0,0,0,"Paid",0
1853,63,3,0,1,"Paid",0
1854,42,1,0,1,"Free",0
1855,66,1,0,0,"Free",0
1856,78,2,0,1,"Free",0
1857,72,1,1,0,"Free",0
1858,5,0,1,0,"Free",0
1859,23,1,0,0,"Free",0
1860,16,3,0,0,"Free",0
1861,89,0,0,0,"Paid",0
1862,39,4,0,0,"Free",0
1863,16,0,0,2,"Free",0
1864,84,0,0,0,"Free",0
1865,4,1,0,2,"Free",0
1866,37,3,1,1,"Free",0
1867,4,0,0,0,"Free",0
1868,63,4,1,0,"Free",1
1869,35,2,0,0,"Paid",0
1870,44,2,1,1,"Free",0
1871,16,0,1,1,"Free",1
1872,63,2,0,0,"Free",0
1873,58,1,0,0,"Paid",1
1874,34,0,0,0,"Free",1
1875,37,2,0,0,"Paid",0
1876,13,1,0,1,"Paid",1
1877,10,3,1,0,"Free",0
1878,38,4,0,1,"Free",0
1879,59,0,0,0,"Free",0
1880,17,1,1,1,"Free",0
1881,21,0,0,1,"Free",0
1882,8,3,0,1,"Paid",0
1883,76,1,0,1,"Paid",1
1884,75,1,1,0,"Paid",1
1885,61,2,1,0,"Free",0
1886,11,2,0,0,"Paid",1
1887,20,1,0,0,"Free",0
1888,31,0,1,0,"Free",0
1889,29,0,1,1,"Free",0
1890,78,0,0,1,"Free",0
1891,68,0,1,1,"Free",0
1892,28,3,1,0,"Free",0
1893,6,1,1,0,"Free",0
1894,45,1,0,0,"Free",0
1895,62,0,1,0,"Free",1
1896,26,0,1,0,"Free",0
1897,88,0,0,1,"Free",0
1898,52,3,0,0,"Free",0
1899,10,0,0,1,"Paid",0
1900,43,0,1,1,"Paid",1
1901,10,1,1,0,"Paid",1
1902,36,1,0,0,"Free",0
1903,68,1,0,1,"Free",0
1904,68,1,1,0,"Free",0
1905,85,3,0,1,"Free",0
1906,28,0,1,0,"Paid",0
1907,20,0,0,1,"Paid",0
1908,18,4,1,1,"Free",0
1909,54,2,1,1,"Free",1
1910,4,1,1,1,"Paid",0
1911,88,1,1,0,"Free",0
1912,81,1,0,2,"Free",1
1913,56,1,0,0,"Free",0
1914,33,2,0,0,"Paid",0
1915,79,1,0,1,"Free",1
1916,16,2,1,0,"Paid",1
1917,65,0,0,1,"Free",0
1918,44,4,1,1,"Paid",0
1919,44,1,1,0,"Free",1
1920,52,1,1,1,"Paid",1
1921,17,2,1,1,"Free",0
1922,9,0,1,1,"Free",0
1923,90,0,1,1,"Free",1
1924,76,2,1,0,"Paid",0
1925,29,0,0,0,"Free",0
1926,67,1,0,0,"Free",0
1927,54,3,0,0,"Free",0
1928,3,0,1,1,"Free",0
1929,31,1,0,0,"Free",1
1930,87,0,0,0,"Paid",0
1931,83,2,1,0,"Free",0
1932,5,0,1,1,"Free",0
1933,68,4,0,0,"Free",1
1934,71,1,0,0,"Free",0
1935,41,2,0,0,"Free",1
1936,83,1,1,1,"Free",1
1937,31,2,0,1,"Paid",0
1938,6,0,1,1,"Free",1
1939,65,3,0,0,"Paid",1
1940,59,0,1,0,"Paid",1
1941,39,1,0,1,"Free",0
1942,8,0,1,0,"Free",0
1943,46,1,0,0,"Paid",0
1944,70,0,0,0,"Free",0
1945,27,1,0,0,"Free",0
1946,7,2,0,1,"Paid",0
1947,30,0,0,0,"Paid",0
1948,14,0,0,0,"Free",0
1949,25,1,0,0,"Free",0
1950,23,2,0,0,"Free",0
1951,52,1,0,0,"Paid",0
1952,43,5,1,0,"Free",1
1953,72,2,1,0,"Paid",1
1954,42,2,1,0,"Free",0
1955,4,0,0,1,"Free",0
1956,77,1,0,0,"Paid",1
1957,31,1,0,1,"Free",0
1958,69,2,1,0,"Free",0
1959,90,0,0,2,"Paid",1
1960,87,3,0,0,"Free",1
1961,9,3,0,0,"Paid",1
1962,84,4,1,1,"Free",0
1963,6,2,0,1,"Free",0
1964,79,0,0,0,"Free",0
1965,62,2,0,0,"Paid",0
1966,25,0,0,1,"Free",1
1967,50,0,0,0,"Free",0
1968,23,3,1,1,"Free",1
1969,54,0,0,0,"Paid",0
1970,62,1,0,0,"Paid",0
1971,6,2,0,0,"Free",0
1972,68,0,0,0,"Paid",0
1973,81,0,0,1,"Free",0
1974,58,0,1,0,"Paid",0
1975,62,2,0,1,"Free",0
1976,42,1,1,0,"Free",0
1977,82,2,0,0,"Paid",0
1978,10,1,0,0,"Paid",0
1979,83,0,1,0,"Paid",1
1980,17,1,0,0,"Paid",0
1981,49,2,0,1,"Paid",1
1982,5,0,0,0,"Paid",0
1983,75,1,0,1,"Free",0
1984,79,1,0,0,"Paid",0
1985,68,1,0,0,"Free",0
1986,46,2,1,1,"Free",1
1987,84,4,1,0,"Free",1
1988,67,2,0,0,"Free",1
1989,65,5,0,0,"Free",1
1990,82,1,0,0,"Free",0
1991,50,1,1,1,"Free",0
1992,70,1,1,0,"Paid",1
1993,86,3,0,0,"Free",0
1994,20,1,1,0,"Paid",0
1995,41,2,1,0,"Free",0
1996,26,1,0,0,"Paid",0
1997,61,4,0,0,"Paid",1
1998,78,0,0,0,"Paid",1
1999,41,3,1,0,"Paid",1
2000,48,1,1,2,"Paid",1
2001,80,3,0,1,"Free",0
2002,15,1,0,2,"Free",0
2003,57,3,1,0,"Free",1
2004,56,2,1,0,"Free",0
2005,29,0,1,0,"Paid",1
2006,68,2,0,0,"Paid",0
2007,65,3,0,0,"Free",0
2008,88,0,1,1,"Free",1
2009,27,3,0,0,"Free",0
2010,85,1,0,1,"Free",0
2011,39,1,1,0,"Free",0
2012,63,3,1,1,"Free",0
2013,69,2,0,0,"Free",0
2014,11,1,1,1,"Free",0
2015,78,0,1,0,"Free",0
2016,51,2,1,1,"Free",1
2017,3,2,0,0,"Free",1
2018,38,1,1,0,"Paid",1
2019,2,2,0,1,"Free",0
2020,71,0,0,1,"Free",0
2021,57,0,0,0,"Free",0
2022,59,1,0,0,"Free",0
2023,5,3,0,1,"Paid",1
2024,39,2,0,0,"Free",0
2025,35,1,0,0,"Free",0
2026,43,0,1,0,"Free",0
2027,48,3,0,0,"Free",0
2028,66,1,1,1,"Free",0
2029,11,0,0,0,"Free",0
2030,37,1,1,0,"Free",0
2031,24,0,0,0,"Free",1
2032,64,1,1,2,"Paid",1
2033,22,1,0,0,"Free",0
2034,57,1,0,0,"Free",0
2035,27,3,0,1,"Free",1
2036,10,1,0,1,"Free",0
2037,77,1,0,0,"Free",0
2038,3,3,1,0,"Paid",1
2039,1,1,1,0,"Paid",1
2040,69,1,1,0,"Free",0
2041,29,0,1,0,"Free",0
2042,57,0,1,0,"Free",0
2043,11,2,0,0,"Free",0
2044,89,1,0,0,"Free",0
2045,24,2,1,1,"Free",0
2046,33,2,0,0,"Free",0
2047,2,1,0,0,"Free",0
2048,13,0,0,0,"Free",0
2049,56,1,0,1,"Free",0
2050,41,1,0,0,"Free",0
2051,90,1,1,0,"Free",1
2052,90,0,1,0,"Free",0
2053,62,2,1,0,"Free",0
2054,16,3,0,0,"Free",0
2055,33,1,1,0,"Paid",0
2056,28,2,0,0,"Free",1
2057,35,1,1,0,"Free",0
2058,73,1,0,0,"Paid",0
2059,85,1,1,1,"Free",0
2060,54,1,0,1,"Free",0
2061,28,1,1,0,"Free",0
2062,87,1,0,1,"Paid",1
2063,75,1,0,0,"Free",0
2064,83,0,0,0,"Paid",0
2065,7,0,0,0,"Free",0
2066,90,2,1,1,"Free",0
2067,32,1,0,0,"Paid",0
2068,1,2,1,0,"Free",0
2069,35,3,0,0,"Paid",1
2070,3,2,1,0,"Free",0
2071,12,1,1,0,"Free",0
2072,30,3,1,1,"Free",0
2073,3,1,0,0,"Paid",0
2074,53,0,1,0,"Paid",0
2075,54,1,0,1,"Free",0
2076,76,0,0,0,"Paid",1
2077,9,3,0,2,"Free",0
2078,13,1,0,1,"Free",0
2079,26,2,1,0,"Free",0
2080,74,2,1,0,"Free",0
2081,72,1,0,0,"Paid",0
2082,32,2,0,0,"Free",0
2083,71,1,1,0,"Free",0
2084,51,1,1,1,"Free",0
2085,47,2,0,0,"Free",0
2086,53,2,0,0,"Free",0
2087,45,3,0,1,"Paid",0
2088,89,2,1,0,"Paid",1
2089,16,3,0,1,"Free",0
2090,38,1,0,0,"Free",0
2091,60,0,0,0,"Paid",0
2092,56,0,0,1,"Free",0
2093,77,1,0,0,"Free",0
2094,42,4,0,0,"Free",0
2095,17,2,0,0,"Free",0
2096,70,1,1,0,"Paid",1
2097,33,2,0,1,"Free",0
2098,12,2,1,0,"Free",0
2099,20,0,1,1,"Free",0
2100,58,1,1,0,"Free",0
2101,59,1,0,0,"Free",0
2102,16,0,1,0,"Paid",1
2103,65,1,0,1,"Free",0
2104,25,2,1,0,"Paid",1
2105,65,2,1,1,"Free",0
2106,76,0,1,0,"Free",0
2107,18,1,1,0,"Free",0
2108,2,2,0,0,"Free",0
2109,10,3,1,0,"Free",0
2110,55,1,0,0,"Free",0
2111,68,0,0,1,"Free",0
2112,73,1,1,0,"Paid",0
2113,58,3,0,0,"Free",0
2114,33,1,1,0,"Free",0
2115,72,0,1,0,"Paid",1
2116,74,1,1,1,"Free",1
2117,55,1,1,1,"Free",0
2118,84,2,0,0,"Paid",1
2119,4,2,0,0,"Free",0
2120,46,1,1,2,"Free",1
2121,58,2,1,1,"Free",0
2122,36,0,1,0,"Paid",0
2123,60,0,1,1,"Free",0
2124,6,2,0,0,"Free",0
2125,40,0,1,1,"Free",0
2126,79,3,1,1,"Free",1
2127,34,1,0,2,"Free",0
2128,14,0,0,0,"Paid",1
2129,25,1,1,0,"Free",0
2130,70,0,1,1,"Free",0
2131,28,1,1,0,"Free",0
2132,89,1,0,0,"Free",0
2133,58,3,1,1,"Free",1
2134,26,1,0,0,"Free",1
2135,26,2,0,0,"Free",0
2136,69,1,1,0,"Free",0
2137,20,2,1,1,"Free",1
2138,16,3,0,0,"Free",1
2139,67,2,1,1,"Free",1
2140,76,1,0,0,"Paid",1
2141,77,2,1,0,"Paid",0
2142,85,1,0,0,"Paid",1
2143,53,1,1,0,"Free",1
2144,20,1,0,0,"Free",0
2145,3,2,0,0,"Free",0
2146,14,1,0,0,"Free",0
2147,63,2,1,0,"Paid",1
2148,72,2,0,0,"Free",0
2149,59,2,0,1,"Free",0
2150,68,2,0,0,"Free",0
2151,46,1,1,1,"Free",1
2152,14,1,1,0,"Paid",1
2153,55,1,0,0,"Free",0
2154,50,1,1,1,"Free",0
2155,50,2,0,0,"Free",1
2156,46,1,1,0,"Paid",1
2157,16,0,1,0,"Paid",0
2158,66,2,0,1,"Free",0
2159,31,1,0,0,"Free",0
2160,26,1,1,0,"Free",0
2161,63,1,1,0,"Free",0
2162,17,0,0,1,"Free",0
2163,46,1,0,0,"Paid",1
2164,88,1,1,0,"Free",0
2165,55,1,0,0,"Free",0
2166,90,0,1,0,"Free",0
2167,30,1,1,1,"Free",0
2168,79,0,1,1,"Free",0
2169,69,0,1,0,"Paid",1
2170,53,1,0,0,"Free",0
2171,40,4,0,0,"Paid",0
2172,79,1,1,0,"Free",0
2173,50,3,0,2,"Free",0
2174,71,2,0,0,"Paid",0
2175,72,1,1,0,"Free",0
2176,83,4,1,0,"Paid",1
2177,19,2,0,1,"Free",0
2178,75,1,0,0,"Free",0
2179,89,1,0,0,"Paid",0
2180,40,1,0,0,"Paid",0
2181,39,0,0,0,"Free",0
2182,29,2,0,0,"Free",0
2183,13,0,0,0,"Free",0
2184,26,1,0,0,"Paid",1
2185,78,4,0,0,"Paid",0
2186,80,0,1,0,"Free",1
2187,38,1,1,2,"Free",1
2188,45,2,0,0,"Free",0
2189,47,0,0,0,"Free",0
2190,65,1,0,0,"Free",0
2191,46,1,0,0,"Free",0
2192,53,1,1,0,"Free",0
2193,22,0,1,0,"Paid",0
2194,8,2,1,0,"Free",0
2195,2,2,1,0,"Paid",0
2196,84,3,0,2,"Free",0
2197,3,2,0,0,"Free",0
2198,21,0,0,1,"Paid",0
2199,45,0,1,1,"Paid",0
2200,6,1,0,0,"Free",0
2201,31,2,1,0,"Paid",1
2202,52,1,0,1,"Paid",0
2203,66,1,1,0,"Free",0
2204,16,2,1,0,"Free",0
2205,44,0,0,0,"Free",0
2206,52,1,1,0,"Free",0
2207,33,1,1,3,"Paid",1
2208,47,2,1,1,"Free",1
2209,22,1,1,0,"Free",0
2210,75,1,0,1,"Paid",0
2211,50,1,0,0,"Free",0
2212,11,3,1,0,"Free",1
2213,66,1,1,1,"Free",0
2214,75,0,0,0,"Free",0
2215,27,1,0,0,"Free",0
2216,34,0,1,0,"Paid",1
2217,33,2,0,0,"Free",0
2218,75,2,1,0,"Free",0
2219,79,1,1,0,"Free",0
2220,24,1,0,0,"Free",0
2221,19,2,0,1,"Paid",0
2222,76,4,0,1,"Free",1
2223,10,0,0,0,"Free",0
2224,20,2,0,1,"Free",0
2225,71,1,0,0,"Free",0
2226,77,1,0,0,"Free",0
2227,51,3,0,1,"Free",0
2228,33,1,0,0,"Free",0
2229,75,0,1,1,"Paid",1
2230,34,3,1,0,"Free",1
2231,81,2,0,0,"Paid",0
2232,80,1,1,0,"Paid",1
2233,30,2,1,0,"Free",0
2234,55,2,0,0,"Paid",0
2235,58,3,1,0,"Paid",1
2236,27,3,0,0,"Paid",0
2237,35,2,1,0,"Free",0
2238,36,0,1,0,"Free",0
2239,66,1,1,0,"Free",0
2240,66,3,0,0,"Free",0
2241,18,0,1,0,"Paid",0
2242,73,0,0,0,"Free",0
2243,32,3,0,0,"Free",0
2244,59,3,0,1,"Free",0
2245,19,2,0,0,"Free",0
2246,37,0,1,1,"Paid",1
2247,1,2,0,0,"Free",0
2248,49,1,0,0,"Free",0
2249,20,0,0,0,"Free",0
2250,36,2,0,1,"Free",0
2251,25,2,0,0,"Paid",1
2252,89,3,0,0,"Paid",0
2253,20,2,0,0,"Free",0
2254,71,2,0,0,"Free",1
2255,67,0,0,0,"Free",0
2256,4,2,1,0,"Free",1
2257,26,3,1,0,"Free",1
2258,12,0,0,1,"Paid",0
2259,26,0,0,0,"Free",1
2260,38,0,0,0,"Free",0
2261,74,0,0,0,"Free",0
2262,15,2,0,0,"Free",0
2263,82,0,0,1,"Paid",0
2264,75,2,1,1,"Free",1
2265,17,3,0,0,"Free",0
2266,50,0,0,1,"Free",0
2267,83,0,0,0,"Free",0
2268,47,0,0,0,"Free",0
2269,71,0,1,1,"Free",1
2270,27,0,0,1,"Paid",0
2271,72,0,0,0,"Paid",0
2272,79,1,1,0,"Free",0
2273,35,1,1,0,"Paid",0
2274,47,0,1,0,"Free",0
2275,55,2,0,0,"Paid",0
2276,26,3,0,0,"Paid",0
2277,85,3,0,0,"Free",0
2278,53,2,1,0,"Paid",0
2279,29,1,1,1,"Free",0
2280,11,0,1,1,"Free",0
2281,74,0,0,1,"Paid",1
2282,1,0,0,0,"Free",0
2283,81,1,1,1,"Free",0
2284,29,0,1,0,"Free",0
2285,72,3,0,0,"Paid",0
2286,44,0,0,1,"Free",0
2287,14,2,1,0,"Paid",1
2288,84,3,0,1,"Free",0
2289,70,1,0,0,"Free",0
2290,69,2,0,0,"Free",1
2291,84,1,0,0,"Free",0
2292,65,0,0,0,"Free",0
2293,45,4,1,1,"Free",1
2294,74,0,0,0,"Free",0
2295,35,0,0,1,"Free",0
2296,77,0,0,0,"Free",0
2297,60,1,0,1,"Free",0
2298,33,2,0,0,"Paid",0
2299,17,0,0,1,"Paid",0
2300,43,4,1,1,"Free",0
2301,31,0,1,0,"Paid",1
2302,39,2,0,1,"Free",0
2303,13,0,0,0,"Free",1
2304,64,0,1,0,"Paid",1
2305,15,1,0,0,"Free",0
2306,49,0,0,3,"Free",0
2307,1,2,1,0,"Paid",0
2308,66,0,1,1,"Free",0
2309,80,1,1,0,"Free",0
2310,28,0,0,0,"Paid",0
2311,40,5,1,3,"Free",0
2312,46,3,0,0,"Free",0
2313,5,0,0,0,"Free",0
2314,52,0,0,0,"Free",0
2315,61,3,0,0,"Free",0
2316,40,1,0,1,"Free",0
2317,48,6,1,1,"Paid",1
2318,56,0,0,0,"Free",0
2319,11,1,1,0,"Free",1
2320,31,1,0,0,"Paid",0
2321,52,2,0,1,"Paid",1
2322,85,3,0,0,"Free",0
2323,80,1,0,1,"Paid",0
2324,13,1,1,0,"Paid",1
2325,53,0,0,1,"Free",0
2326,32,0,1,2,"Free",0
2327,37,2,0,0,"Free",0
2328,20,1,1,0,"Free",1
2329,25,1,0,0,"Free",0
2330,51,1,1,0,"Free",0
2331,69,0,1,0,"Free",0
2332,8,0,0,2,"Free",0
2333,51,1,0,0,"Paid",0
2334,37,2,0,0,"Free",0
2335,44,2,1,0,"Free",0
2336,68,0,0,0,"Free",0
2337,72,3,1,1,"Free",0
2338,30,1,0,1,"Free",0
2339,64,1,1,0,"Free",1
2340,23,0,0,0,"Paid",0
2341,28,2,0,0,"Paid",0
2342,63,0,0,0,"Free",1
2343,11,1,0,0,"Paid",1
2344,28,1,0,0,"Free",0
2345,72,3,0,0,"Free",0
2346,25,0,1,0,"Free",0
2347,80,2,1,1,"Free",0
2348,20,4,0,2,"Paid",1
2349,76,3,0,3,"Paid",1
2350,44,1,0,0,"Free",0
2351,17,0,0,0,"Free",0
2352,24,1,0,0,"Paid",0
2353,9,1,1,0,"Paid",1
2354,62,1,1,0,"Free",0
2355,8,1,1,0,"Free",0
2356,36,0,0,0,"Free",0
2357,61,0,0,0,"Free",0
2358,77,0,0,1,"Free",0
2359,24,1,0,0,"Free",0
2360,17,1,0,0,"Free",0
2361,7,0,1,0,"Free",0
2362,14,2,1,0,"Paid",1
2363,51,4,1,1,"Paid",1
2364,53,2,0,0,"Free",0
2365,87,1,1,1,"Free",0
2366,68,1,0,0,"Free",0
2367,89,3,0,1,"Free",0
2368,16,2,1,1,"Free",0
2369,7,1,0,0,"Free",0
2370,18,1,1,1,"Paid",1
2371,2,1,0,0,"Free",0
2372,75,1,0,0,"Free",0
2373,9,2,0,0,"Free",1
2374,73,0,1,0,"Free",0
2375,23,1,0,0,"Paid",0
2376,5,2,1,0,"Free",0
2377,50,0,1,1,"Free",0
2378,49,2,1,0,"Free",0
2379,13,0,0,1,"Free",0
2380,78,0,0,0,"Free",0
2381,34,0,0,0,"Free",0
2382,68,1,1,2,"Paid",0
2383,75,2,1,1,"Paid",1
2384,60,1,0,1,"Paid",1
2385,11,2,1,2,"Free",1
2386,77,1,1,1,"Free",1
2387,11,2,0,1,"Free",1
2388,3,0,0,0,"Free",0
2389,17,2,0,0,"Free",0
2390,80,1,0,0,"Free",0
2391,48,0,1,0,"Free",0
2392,87,1,0,1,"Free",1
2393,79,2,0,0,"Paid",1
2394,13,1,0,0,"Free",1
2395,47,1,0,0,"Paid",0
2396,87,1,1,1,"Free",1
2397,37,1,0,1,"Paid",0
2398,52,1,0,1,"Paid",0
2399,64,1,0,0,"Paid",0
2400,54,1,1,1,"Paid",1
2401,13,1,1,0,"Free",0
2402,82,0,0,1,"Free",0
2403,13,1,0,0,"Free",0
2404,52,1,1,0,"Free",1
2405,34,0,0,0,"Free",0
2406,73,0,1,0,"Free",1
2407,54,1,0,2,"Free",0
2408,29,0,0,0,"Free",0
2409,27,2,0,0,"Paid",1
2410,21,1,1,0,"Free",0
2411,25,1,1,0,"Paid",0
2412,32,1,0,0,"Free",0
2413,67,1,0,0,"Free",0
2414,39,0,0,2,"Free",0
2415,88,3,0,1,"Free",0
2416,10,1,0,0,"Free",0
2417,80,2,1,1,"Free",1
2418,23,0,0,0,"Paid",0
2419,46,2,1,0,"Paid",1
2420,15,1,1,0,"Free",0
2421,15,0,0,0,"Paid",0
2422,4,1,0,1,"Free",0
2423,82,1,0,0,"Paid",0
2424,75,2,0,0,"Free",0
2425,37,0,1,0,"Free",1
2426,55,0,1,0,"Free",0
2427,45,4,0,0,"Free",0
2428,44,0,0,0,"Free",0
2429,66,1,1,1,"Free",1
2430,7,1,1,1,"Free",0
2431,12,0,0,0,"Free",0
2432,86,3,1,0,"Free",1
2433,66,1,0,0,"Paid",1
2434,86,3,0,1,"Free",0
2435,24,0,0,1,"Paid",0
2436,32,0,0,3,"Free",0
2437,16,1,0,0,"Paid",0
2438,86,0,1,0,"Free",0
2439,34,1,0,0,"Paid",0
2440,51,2,0,0,"Free",0
2441,12,0,0,0,"Free",0
2442,7,3,1,0,"Free",0
2443,26,0,1,1,"Free",0
2444,90,2,0,1,"Paid",1
2445,72,2,1,0,"Paid",1
2446,73,2,0,0,"Free",0
2447,61,0,1,0,"Free",0
2448,58,2,1,1,"Free",0
2449,25,2,0,1,"Free",0
2450,7,0,0,0,"Free",0
2451,29,3,1,0,"Free",0
2452,4,1,0,0,"Free",0
2453,51,0,0,1,"Free",0
2454,66,0,1,0,"Paid",1
2455,85,1,1,0,"Paid",0
2456,30,3,0,0,"Free",0
2457,80,1,1,1,"Free",0
2458,64,0,0,0,"Free",0
2459,72,1,0,1,"Free",0
2460,2,1,1,0,"Paid",1
2461,34,2,0,1,"Paid",1
2462,78,2,1,0,"Free",0
2463,6,3,0,1,"Paid",0
2464,41,0,0,0,"Free",0
2465,64,1,0,0,"Paid",0
2466,15,2,0,1,"Free",0
2467,64,0,0,0,"Free",0
2468,85,2,0,0,"Free",0
2469,40,1,1,1,"Free",0
2470,2,0,0,0,"Paid",0
2471,11,4,0,0,"Free",0
2472,74,0,1,0,"Free",0
2473,29,0,0,0,"Free",0
2474,54,1,1,0,"Paid",1
2475,62,0,0,0,"Free",0
2476,49,2,0,0,"Free",0
2477,73,0,0,0,"Paid",0
2478,36,2,1,0,"Free",0
2479,59,0,0,3,"Paid",0
2480,20,1,0,0,"Free",0
2481,65,2,0,0,"Paid",0
2482,23,1,1,0,"Paid",1
2483,23,3,1,0,"Free",0
2484,39,0,1,0,"Free",0
2485,24,0,0,0,"Free",0
2486,41,1,0,1,"Paid",0
2487,89,1,0,0,"Free",1
2488,74,1,0,0,"Paid",1
2489,24,0,1,0,"Free",0
2490,5,4,1,0,"Paid",1
2491,80,1,0,0,"Free",1
2492,40,0,1,0,"Free",1
2493,51,2,0,1,"Free",0
2494,22,1,0,0,"Free",1
2495,6,1,1,1,"Free",0
2496,28,2,0,0,"Free",1
2497,7,3,0,0,"Paid",1
2498,2,0,0,0,"Free",0
2499,27,2,1,1,"Free",0
2500,40,1,0,0,"Free",0
2501,69,1,1,0,"Paid",1
2502,89,3,0,0,"Free",0
2503,81,0,0,1,"Paid",0
2504,23,1,0,2,"Free",1
2505,33,3,0,0,"Free",0
2506,21,1,0,1,"Free",0
2507,15,1,0,0,"Free",0
2508,65,2,0,0,"Free",0
2509,80,1,0,0,"Free",0
2510,5,2,0,1,"Paid",0
2511,43,2,0,0,"Free",0
2512,30,1,1,0,"Free",0
2513,16,1,0,1,"Free",0
2514,63,0,0,0,"Paid",0
2515,88,1,0,0,"Free",0
2516,52,0,0,0,"Free",0
2517,71,0,0,1,"Paid",1
2518,7,3,0,0,"Paid",1
2519,89,1,0,1,"Paid",0
2520,3,1,0,0,"Paid",1
2521,24,2,0,1,"Free",0
2522,70,2,1,2,"Free",0
2523,64,2,1,0,"Free",1
2524,78,0,1,1,"Free",0
2525,18,2,1,0,"Free",0
2526,53,1,0,1,"Free",0
2527,66,1,0,0,"Free",0
2528,54,1,1,0,"Free",1
2529,2,1,1,0,"Free",0
2530,48,0,1,1,"Free",0
2531,47,2,0,1,"Free",0
2532,65,0,1,0,"Free",1
2533,44,1,1,0,"Free",0
2534,4,2,1,1,"Free",0
2535,24,1,1,0,"Free",0
2536,66,0,0,1,"Free",1
2537,4,4,1,0,"Free",1
2538,29,2,0,1,"Free",0
2539,72,2,1,0,"Free",0
2540,84,2,0,1,"Free",0
2541,48,2,1,0,"Paid",0
2542,1,0,1,1,"Free",1
2543,45,5,1,0,"Free",0
2544,76,3,0,1,"Free",0
2545,8,0,1,0,"Free",1
2546,45,1,0,0,"Paid",1
2547,41,1,0,1,"Free",0
2548,19,1,0,1,"Free",0
2549,45,4,0,1,"Free",0
2550,44,0,0,1,"Paid",1
2551,48,2,0,2,"Free",0
2552,60,2,0,0,"Paid",0
2553,20,1,0,0,"Free",0
2554,2,0,0,1,"Paid",0
2555,43,1,0,1,"Paid",0
2556,2,0,0,1,"Paid",0
2557,68,2,1,1,"Paid",1
2558,68,1,0,0,"Paid",0
2559,70,0,0,0,"Free",0
2560,82,0,0,1,"Paid",0
2561,13,0,0,0,"Free",0
2562,1,3,0,0,"Free",1
2563,56,1,0,0,"Free",0
2564,45,1,1,1,"Free",1
2565,42,0,0,0,"Free",1
2566,52,5,0,0,"Free",0
2567,25,1,0,0,"Free",0
2568,37,2,1,1,"Free",1
2569,54,1,0,0,"Free",0
2570,37,3,1,0,"Free",0
2571,32,1,0,0,"Free",0
2572,49,1,0,1,"Paid",1
2573,40,2,0,0,"Paid",1
2574,27,3,0,1,"Free",1
2575,75,1,0,0,"Free",0
2576,53,1,0,0,"Free",1
2577,48,2,0,0,"Free",0
2578,23,1,0,1,"Free",0
2579,51,0,1,0,"Free",0
2580,40,0,0,1,"Free",0
2581,82,1,0,0,"Free",0
2582,68,1,0,0,"Free",0
2583,7,0,0,1,"Paid",0
2584,17,2,1,1,"Free",0
2585,3,1,1,0,"Paid",0
2586,40,2,0,1,"Paid",0
2587,80,1,1,0,"Free",0
2588,77,1,1,0,"Free",0
2589,52,1,0,0,"Free",0
2590,57,1,0,0,"Free",0
2591,17,3,1,0,"Free",1
2592,69,2,0,0,"Paid",0
2593,21,3,1,0,"Free",0
2594,34,2,0,0,"Free",0
2595,68,0,0,0,"Free",0
2596,57,0,0,0,"Free",0
2597,19,1,0,0,"Free",0
2598,77,1,0,0,"Free",0
2599,90,1,0,0,"Paid",0
2600,42,2,0,0,"Free",0
2601,11,1,1,1,"Free",1
2602,33,2,1,0,"Free",0
2603,46,0,0,0,"Free",1
2604,59,4,1,0,"Free",0
2605,53,0,0,0,"Free",0
2606,90,2,0,0,"Paid",1
2607,14,1,0,1,"Free",0
2608,19,1,0,0,"Free",0
2609,20,0,0,1,"Free",0
2610,73,0,0,0,"Paid",1
2611,3,1,1,1,"Paid",0
2612,80,3,0,0,"Free",0
2613,9,1,0,0,"Paid",0
2614,88,3,0,0,"Free",0
2615,83,0,0,0,"Free",0
2616,25,1,0,0,"Paid",1
2617,35,3,1,0,"Free",0
2618,66,1,0,0,"Free",0
2619,22,0,0,1,"Free",0
2620,49,1,1,0,"Free",0
2621,18,0,0,0,"Paid",0
2622,54,2,0,1,"Paid",1
2623,64,0,0,0,"Paid",1
2624,60,0,1,0,"Free",1
2625,68,1,0,0,"Paid",0
2626,69,0,1,0,"Free",0
2627,80,1,1,0,"Paid",1
2628,30,1,0,1,"Paid",0
2629,17,2,1,0,"Paid",1
2630,1,0,1,1,"Free",1
2631,39,1,0,0,"Free",0
2632,39,1,0,0,"Free",0
2633,21,2,1,1,"Free",0
2634,19,4,0,0,"Free",0
2635,35,1,0,0,"Free",0
2636,60,1,0,0,"Free",0
2637,72,0,0,0,"Free",0
2638,88,0,0,1,"Paid",1
2639,20,0,0,0,"Paid",1
2640,81,1,0,0,"Paid",1
2641,32,0,1,1,"Free",1
2642,52,0,1,1,"Paid",1
2643,20,4,0,0,"Paid",1
2644,25,1,0,1,"Free",0
2645,17,0,0,0,"Free",0
2646,8,2,1,0,"Free",0
2647,38,5,0,1,"Free",0
2648,10,1,0,0,"Free",0
2649,30,1,1,1,"Free",0
2650,50,2,0,1,"Free",0
2651,85,4,0,1,"Free",0
2652,3,1,0,1,"Paid",0
2653,46,0,0,0,"Paid",0
2654,40,3,0,0,"Free",0
2655,48,1,1,2,"Paid",1
2656,39,1,1,1,"Free",0
2657,19,3,0,1,"Paid",1
2658,28,3,1,0,"Paid",0
2659,39,2,0,1,"Free",0
2660,18,2,0,0,"Free",1
2661,12,2,0,0,"Free",0
2662,73,0,1,1,"Paid",0
2663,52,0,0,0,"Free",1
2664,14,0,1,1,"Paid",0
2665,83,0,1,0,"Free",0
2666,47,1,0,0,"Free",0
2667,15,0,1,0,"Free",0
2668,48,1,1,1,"Paid",1
2669,7,2,0,0,"Free",0
2670,79,4,0,0,"Paid",0
2671,12,0,0,0,"Free",0
2672,11,3,0,2,"Free",0
2673,72,2,0,0,"Free",0
2674,24,0,0,0,"Free",0
2675,34,0,0,1,"Free",0
2676,83,0,0,0,"Paid",1
2677,81,1,0,0,"Free",0
2678,77,1,0,2,"Free",0
2679,60,1,0,1,"Free",0
2680,66,1,0,0,"Free",0
2681,27,0,0,0,"Free",0
2682,41,1,1,0,"Free",0
2683,61,1,1,0,"Free",0
2684,42,1,0,0,"Free",0
2685,71,0,0,0,"Paid",0
2686,74,1,0,0,"Free",0
2687,64,3,1,0,"Free",0
2688,47,1,0,0,"Free",1
2689,34,2,0,0,"Free",1
2690,71,0,0,0,"Free",0
2691,88,0,0,0,"Free",0
2692,54,2,0,0,"Free",0
2693,79,2,0,0,"Paid",1
2694,62,1,1,2,"Free",0
2695,72,2,0,0,"Free",0
2696,49,2,0,0,"Paid",0
2697,6,1,0,0,"Free",0
2698,4,2,1,0,"Free",0
2699,32,0,0,0,"Paid",0
2700,3,1,0,0,"Free",0
2701,36,2,0,0,"Free",0
2702,27,4,0,1,"Free",0
2703,33,0,0,1,"Free",0
2704,46,1,1,0,"Free",1
2705,11,1,1,0,"Free",1
2706,36,0,0,0,"Free",0
2707,84,2,0,1,"Paid",1
2708,43,0,0,1,"Free",0
2709,69,3,0,0,"Paid",1
2710,40,0,1,0,"Free",1
2711,75,2,1,2,"Free",0
2712,55,2,0,1,"Paid",1
2713,52,0,1,0,"Paid",1
2714,27,2,0,0,"Paid",0
2715,46,0,1,1,"Free",1
2716,59,2,0,1,"Free",0
2717,41,2,1,0,"Free",0
2718,18,1,0,1,"Free",0
2719,33,1,0,1,"Paid",1
2720,59,3,0,0,"Free",0
2721,68,1,0,2,"Free",1
2722,40,0,1,0,"Free",0
2723,29,1,1,1,"Paid",0
2724,81,1,0,1,"Free",0
2725,66,1,0,0,"Free",0
2726,29,0,1,0,"Paid",0
2727,66,3,1,0,"Free",0
2728,10,2,0,0,"Free",0
2729,82,1,0,1,"Paid",0
2730,12,4,1,0,"Free",0
2731,9,0,0,0,"Free",0
2732,16,1,0,3,"Paid",1
2733,9,1,0,0,"Free",0
2734,66,0,0,1,"Free",0
2735,35,3,0,1,"Free",0
2736,80,1,0,1,"Free",0
2737,21,3,0,0,"Free",0
2738,6,3,1,0,"Free",0
2739,3,0,0,0,"Paid",0
2740,27,2,1,1,"Free",0
2741,17,1,0,0,"Paid",0
2742,61,1,1,1,"Free",0
2743,49,0,0,0,"Free",0
2744,79,0,0,0,"Paid",0
2745,47,1,1,0,"Free",0
2746,42,1,1,0,"Free",0
2747,78,0,1,1,"Free",1
2748,73,2,0,2,"Free",0
2749,38,1,1,0,"Free",1
2750,70,0,0,0,"Free",0
2751,58,0,1,1,"Free",0
2752,52,1,0,1,"Free",1
2753,51,3,0,0,"Free",0
2754,56,2,0,0,"Free",0
2755,78,0,0,0,"Paid",0
2756,25,0,0,0,"Paid",0
2757,52,0,0,0,"Paid",0
2758,47,1,0,2,"Free",0
2759,64,1,0,2,"Free",0
2760,8,1,0,0,"Free",1
2761,69,5,0,1,"Free",0
2762,33,2,0,0,"Free",0
2763,16,1,1,0,"Paid",1
2764,55,1,0,0,"Free",1
2765,30,0,0,0,"Free",0
2766,54,1,0,0,"Free",0
2767,62,0,0,0,"Free",0
2768,34,4,1,0,"Free",0
2769,86,0,1,1,"Paid",0
2770,64,1,0,0,"Free",0
2771,64,1,0,1,"Paid",0
2772,57,1,0,0,"Free",0
2773,73,1,1,0,"Paid",0
2774,39,0,0,2,"Free",1
2775,30,1,0,1,"Free",1
2776,30,3,0,0,"Paid",1
2777,13,1,1,0,"Free",0
2778,65,0,1,0,"Free",0
2779,19,2,0,0,"Paid",0
2780,85,2,0,0,"Free",0
2781,18,2,0,0,"Paid",0
2782,44,1,0,0,"Free",0
2783,29,0,1,0,"Free",0
2784,45,1,1,0,"Free",0
2785,38,3,0,0,"Free",0
2786,9,3,1,0,"Free",1
2787,11,1,0,0,"Paid",0
2788,86,1,1,2,"Paid",1
2789,31,2,0,0,"Paid",0
2790,37,3,0,1,"Free",0
2791,39,1,0,0,"Free",1
2792,68,2,1,0,"Free",0
2793,43,0,0,0,"Paid",1
2794,3,2,0,0,"Paid",0
2795,40,0,1,0,"Free",0
2796,88,0,0,0,"Free",0
2797,12,2,0,0,"Paid",1
2798,65,0,0,0,"Paid",0
2799,7,1,0,0,"Free",0
2800,65,2,1,0,"Free",1
2801,76,3,0,0,"Paid",0
2802,13,2,0,0,"Free",0
2803,18,0,0,0,"Free",0
2804,9,1,0,0,"Paid",0
2805,19,4,0,0,"Free",0
2806,58,1,1,0,"Paid",1
2807,22,1,1,1,"Free",0
2808,84,0,0,1,"Paid",1
2809,25,1,0,0,"Paid",0
2810,83,2,1,1,"Free",0
2811,72,2,1,0,"Free",0
2812,74,2,0,0,"Free",1
2813,19,3,1,0,"Free",1
2814,87,3,0,0,"Free",0
2815,18,1,0,0,"Free",0
2816,21,1,0,1,"Free",0
2817,38,0,0,1,"Paid",0
2818,82,0,1,0,"Paid",1
2819,5,0,0,0,"Free",0
2820,20,2,0,0,"Free",0
2821,8,1,0,0,"Free",1
2822,11,0,0,0,"Paid",0
2823,77,0,0,0,"Free",1
2824,9,0,0,0,"Free",0
2825,59,2,0,1,"Free",0
2826,35,0,1,0,"Free",0
2827,34,0,1,0,"Free",0
2828,23,0,0,2,"Free",0
2829,70,1,1,1,"Free",0
2830,10,1,1,0,"Free",0
2831,43,2,0,0,"Free",0
2832,67,3,0,0,"Free",0
2833,85,0,0,0,"Free",0
2834,35,0,1,0,"Free",0
2835,48,1,1,1,"Paid",0
2836,80,0,1,1,"Paid",1
2837,1,2,1,1,"Paid",1
2838,81,1,0,0,"Free",0
2839,85,2,1,1,"Paid",0
2840,89,2,1,0,"Free",0
2841,41,1,1,0,"Free",0
2842,47,1,0,0,"Free",1
2843,35,4,1,1,"Free",1
2844,17,3,0,0,"Paid",1
2845,11,2,0,0,"Free",0
2846,67,3,0,0,"Free",0
2847,68,1,0,0,"Free",0
2848,48,2,1,0,"Free",0
2849,86,1,1,0,"Free",0
2850,17,2,0,0,"Paid",1
2851,28,3,1,0,"Free",1
2852,28,1,0,0,"Free",0
2853,44,2,0,1,"Paid",0
2854,79,1,0,0,"Paid",1
2855,69,1,0,0,"Paid",0
2856,15,3,1,0,"Free",0
2857,87,0,1,0,"Free",1
2858,40,1,0,0,"Free",0
2859,47,0,0,1,"Paid",0
2860,77,4,0,1,"Free",1
2861,46,1,0,0,"Free",0
2862,24,0,0,1,"Paid",1
2863,12,1,0,0,"Paid",0
2864,63,0,1,1,"Free",0
2865,88,2,0,2,"Free",0
2866,35,0,1,0,"Free",0
2867,43,0,1,0,"Free",0
2868,71,0,1,2,"Free",0
2869,28,0,1,1,"Free",0
2870,62,0,0,1,"Free",0
2871,18,2,0,0,"Paid",0
2872,38,2,0,1,"Paid",0
2873,84,1,0,0,"Paid",0
2874,55,0,0,0,"Free",0
2875,65,2,0,1,"Paid",1
2876,66,1,0,1,"Paid",1
2877,7,0,0,0,"Free",0
2878,23,0,0,0,"Free",0
2879,75,0,0,0,"Free",0
2880,82,0,0,1,"Paid",0
2881,8,2,0,0,"Paid",0
2882,75,0,1,0,"Free",0
2883,8,2,0,1,"Free",0
2884,21,3,0,0,"Free",0
2885,2,0,1,0,"Free",0
2886,48,2,0,0,"Free",0
2887,34,1,0,0,"Free",0
2888,48,2,0,0,"Paid",1
2889,66,0,1,0,"Free",0
2890,43,1,0,1,"Free",0
2891,37,1,0,1,"Paid",1
2892,66,3,0,0,"Free",0
2893,53,0,1,0,"Free",1
2894,58,1,1,0,"Free",0
2895,24,2,0,1,"Free",0
2896,68,1,0,2,"Paid",0
2897,65,1,1,1,"Free",0
2898,9,2,0,0,"Paid",0
2899,18,0,0,0,"Paid",0
2900,84,2,0,1,"Paid",0
2901,53,2,0,0,"Paid",0
2902,85,1,0,1,"Paid",0
2903,22,1,0,1,"Paid",1
2904,51,1,0,0,"Free",1
2905,28,0,0,0,"Free",0
2906,23,2,0,1,"Free",0
2907,61,2,0,0,"Free",0
2908,21,3,1,1,"Free",1
2909,71,4,1,0,"Free",0
2910,47,1,1,2,"Paid",0
2911,57,2,1,0,"Free",0
2912,18,1,0,0,"Free",0
2913,64,0,1,0,"Free",0
2914,29,3,1,0,"Free",0
2915,29,0,0,2,"Free",1
2916,76,4,0,0,"Paid",1
2917,42,1,1,0,"Paid",0
2918,39,2,1,0,"Paid",0
2919,44,3,1,0,"Free",0
2920,46,1,0,0,"Free",1
2921,67,1,0,0,"Free",0
2922,34,4,1,0,"Free",1
2923,41,0,0,0,"Paid",0
2924,3,0,0,1,"Free",0
2925,73,3,1,0,"Paid",1
2926,35,2,1,0,"Paid",0
2927,46,2,0,0,"Free",0
2928,1,1,1,0,"Free",1
2929,47,0,0,0,"Free",0
2930,65,1,0,0,"Paid",0
2931,56,1,0,0,"Free",0
2932,72,4,0,2,"Free",0
2933,8,0,0,0,"Free",0
2934,79,2,0,0,"Free",0
2935,16,2,1,0,"Free",1
2936,74,1,0,0,"Free",0
2937,51,1,1,2,"Paid",0
2938,22,3,1,0,"Paid",1
2939,47,1,0,0,"Free",0
2940,35,1,1,3,"Free",0
2941,73,1,0,0,"Free",0
2942,83,2,1,0,"Free",0
2943,39,0,0,0,"Free",0
2944,43,2,1,0,"Paid",0
2945,90,1,0,0,"Free",1
2946,8,2,0,0,"Free",0
2947,37,0,1,0,"Free",0
2948,22,1,1,0,"Free",0
2949,82,1,0,0,"Free",0
2950,19,2,0,0,"Free",0
2951,7,1,0,0,"Free",0
2952,31,1,0,1,"Free",0
2953,76,0,1,0,"Paid",0
2954,28,0,1,0,"Free",0
2955,61,5,1,0,"Paid",0
2956,15,1,1,1,"Free",0
2957,47,1,1,0,"Free",1
2958,75,1,0,1,"Free",1
2959,49,3,0,0,"Free",0
2960,75,0,0,0,"Free",0
2961,13,1,0,0,"Free",0
2962,25,1,1,0,"Free",0
2963,81,3,0,1,"Free",0
2964,33,3,0,0,"Paid",1
2965,66,1,1,0,"Paid",1
2966,28,0,0,0,"Free",0
2967,62,3,0,0,"Free",0
2968,64,2,1,0,"Free",0
2969,69,0,0,0,"Free",0
2970,82,2,0,0,"Free",0
2971,17,3,1,0,"Free",1
2972,17,0,1,0,"Free",0
2973,15,1,1,0,"Paid",1
2974,60,1,1,0,"Paid",1
2975,90,1,1,0,"Free",0
2976,29,1,0,2,"Free",0
2977,21,2,0,0,"Free",0
2978,11,1,0,1,"Free",1
2979,13,1,0,0,"Paid",0
2980,24,1,1,0,"Free",0
2981,18,2,0,0,"Free",0
2982,31,0,1,0,"Free",0
2983,60,2,0,0,"Free",1
2984,17,0,1,0,"Paid",1
2985,38,2,1,0,"Free",0
2986,84,2,0,1,"Paid",1
2987,56,2,1,0,"Free",0
2988,25,0,0,0,"Free",0
2989,5,2,0,0,"Free",0
2990,73,2,0,0,"Free",0
2991,71,1,1,0,"Paid",1
2992,83,2,0,0,"Free",0
2993,23,0,1,0,"Free",0
2994,7,1,1,2,"Free",0
2995,76,1,1,0,"Paid",1
2996,55,1,0,0,"Free",0
2997,16,0,0,1,"Free",0
2998,4,2,0,1,"Free",0
2999,38,0,1,0,"Free",0
3000,61,0,0,1,"Free",0
