respondent_id,survey_wave,fox_news_hours,msnbc_hours,conservative_score,trump_approval,age,education,party_id,political_interest
1,1,0.1,2.3,39.6,21.0,69,High School,Strong Democrat,4
1,2,0.0,5.4,39.8,24.1,69,High School,Strong Democrat,4
2,1,1.3,1.6,50.7,62.2,56,College,Independent,6
2,2,3.1,1.8,54.6,62.5,56,College,Independent,6
3,1,0.4,14.8,35.2,31.2,64,High School,Strong Democrat,7
3,2,0.1,14.7,39.3,36.6,64,High School,Strong Democrat,7
4,1,2.2,11.0,12.8,24.4,29,Some College,Strong Democrat,3
4,2,2.7,10.7,15.2,30.4,29,Some College,Strong Democrat,3
5,1,2.6,3.9,42.7,52.0,60,Graduate,Independent,10
5,2,4.9,4.0,48.6,53.6,60,Graduate,Independent,10
6,1,1.7,3.9,59.8,49.9,65,Graduate,Independent,5
6,2,3.2,2.3,65.5,47.1,65,Graduate,Independent,5
7,1,1.0,12.8,33.0,29.8,32,Some College,Democrat,2
7,2,0.0,15.7,28.8,25.9,32,Some College,Democrat,2
8,1,11.1,1.5,79.7,82.0,27,Some College,Republican,1
8,2,15.5,2.1,86.3,83.8,27,Some College,Republican,1
9,1,2.2,1.7,27.5,38.8,30,High School,Independent,3
9,2,3.4,0.7,32.3,45.3,30,High School,Independent,3
10,1,0.0,9.8,32.9,2.8,40,College,Strong Democrat,5
10,2,1.9,10.7,33.4,1.4,40,College,Strong Democrat,5
11,1,0.0,11.4,37.6,18.2,41,Some College,Strong Democrat,1
11,2,0.0,14.3,37.5,15.4,41,Some College,Strong Democrat,1
12,1,0.0,8.5,51.5,20.4,84,College,Democrat,3
12,2,0.0,4.6,52.9,24.7,84,College,Democrat,3
13,1,0.0,13.5,21.8,11.1,35,College,Strong Democrat,5
13,2,0.6,16.0,15.6,0.0,35,College,Strong Democrat,5
14,1,5.1,0.0,46.6,53.3,75,High School,Independent,9
14,2,3.2,0.0,42.7,51.6,75,High School,Independent,9
15,1,0.4,10.1,37.9,16.5,75,High School,Strong Democrat,4
15,2,1.9,9.5,35.7,18.5,75,High School,Strong Democrat,4
16,1,0.0,8.5,32.2,26.8,30,Some College,Strong Democrat,4
16,2,4.0,10.4,30.8,26.8,30,Some College,Strong Democrat,4
17,1,5.6,1.0,79.5,66.5,79,High School,Strong Republican,3
17,2,0.0,4.6,76.0,60.2,79,High School,Strong Republican,3
18,1,7.7,1.2,76.0,80.2,43,Some College,Republican,3
18,2,6.9,2.7,71.6,75.7,43,Some College,Republican,3
19,1,0.5,7.7,7.7,20.8,21,Graduate,Strong Democrat,4
19,2,2.1,7.5,9.7,21.5,21,Graduate,Strong Democrat,4
20,1,5.5,0.9,72.6,70.1,25,College,Republican,10
20,2,3.4,0.4,72.0,65.2,25,College,Republican,10
21,1,0.1,2.8,64.8,22.5,22,College,Independent,9
21,2,2.0,0.0,64.6,24.7,22,College,Independent,9
22,1,0.7,6.0,21.2,27.9,54,Some College,Strong Democrat,1
22,2,0.0,6.3,17.0,25.0,54,Some College,Strong Democrat,1
23,1,1.8,13.2,17.7,23.1,28,High School,Strong Democrat,6
23,2,5.5,12.8,21.5,30.5,28,High School,Strong Democrat,6
24,1,1.4,10.3,27.7,8.9,67,Some College,Democrat,7
24,2,2.7,12.8,29.7,8.4,67,Some College,Democrat,7
25,1,5.6,0.3,84.0,76.1,82,High School,Strong Republican,5
25,2,7.2,0.0,82.1,73.1,82,High School,Strong Republican,5
26,1,1.7,8.3,32.6,19.3,78,College,Democrat,9
26,2,2.6,9.6,34.0,12.5,78,College,Democrat,9
27,1,5.4,0.0,81.7,85.6,32,College,Strong Republican,10
27,2,5.3,0.2,86.1,87.1,32,College,Strong Republican,10
28,1,2.8,2.5,41.5,41.8,47,Some College,Independent,1
28,2,0.2,2.4,43.2,38.9,47,Some College,Independent,1
29,1,1.7,5.7,45.8,51.7,34,High School,Independent,2
29,2,9.1,4.7,52.7,59.8,34,High School,Independent,2
30,1,4.4,0.7,88.3,99.2,31,Graduate,Republican,8
30,2,7.9,0.0,97.3,100.0,31,Graduate,Republican,8
31,1,14.3,0.6,78.2,88.0,77,College,Republican,10
31,2,14.7,0.5,78.4,89.4,77,College,Republican,10
32,1,12.8,0.0,77.8,72.8,84,High School,Strong Republican,6
32,2,13.1,0.3,81.6,68.1,84,High School,Strong Republican,6
33,1,13.8,0.2,83.7,94.4,20,College,Strong Republican,9
33,2,11.0,1.0,84.1,89.0,20,College,Strong Republican,9
34,1,3.6,0.0,70.4,82.7,23,Some College,Strong Republican,7
34,2,1.5,1.5,67.1,75.9,23,Some College,Strong Republican,7
35,1,7.4,0.0,64.3,87.6,47,High School,Republican,1
35,2,2.7,0.5,60.9,87.4,47,High School,Republican,1
36,1,0.9,1.2,44.9,45.1,54,College,Independent,2
36,2,0.0,1.1,35.9,48.2,54,College,Independent,2
37,1,3.5,0.0,79.7,87.3,47,High School,Republican,6
37,2,1.3,0.0,76.2,84.1,47,High School,Republican,6
38,1,0.3,12.1,19.9,14.3,22,Graduate,Democrat,9
38,2,2.1,14.2,18.0,16.8,22,Graduate,Democrat,9
39,1,10.2,2.1,60.6,89.5,62,Some College,Republican,3
39,2,12.5,3.2,63.0,84.8,62,Some College,Republican,3
40,1,4.3,3.6,55.9,34.4,80,Some College,Independent,3
40,2,6.8,2.9,59.6,33.2,80,Some College,Independent,3
41,1,10.7,0.0,87.1,78.8,37,Some College,Strong Republican,2
41,2,12.0,0.0,84.3,83.6,37,Some College,Strong Republican,2
42,1,2.1,5.4,20.9,4.0,70,Some College,Strong Democrat,6
42,2,0.0,2.4,22.3,8.8,70,Some College,Strong Democrat,6
43,1,2.2,0.0,65.3,60.9,62,Graduate,Independent,5
43,2,2.3,3.2,66.2,57.6,62,Graduate,Independent,5
44,1,1.8,6.7,33.6,13.5,83,High School,Strong Democrat,3
44,2,4.0,6.5,31.5,21.9,83,High School,Strong Democrat,3
45,1,5.2,2.3,88.8,80.4,28,College,Republican,6
45,2,6.0,1.2,95.1,80.3,28,College,Republican,6
46,1,1.0,9.9,4.7,16.1,32,High School,Democrat,5
46,2,0.0,6.9,8.0,17.8,32,High School,Democrat,5
47,1,1.0,5.7,10.1,23.0,51,High School,Democrat,2
47,2,2.0,6.0,9.5,19.0,51,High School,Democrat,2
48,1,1.3,2.3,55.2,60.4,18,Graduate,Independent,5
48,2,0.7,0.0,58.1,54.7,18,Graduate,Independent,5
49,1,0.6,12.3,32.5,27.0,63,Graduate,Democrat,8
49,2,1.2,17.5,28.0,25.9,63,Graduate,Democrat,8
50,1,2.4,12.8,11.7,12.6,66,Graduate,Democrat,1
50,2,0.4,10.4,16.1,12.5,66,Graduate,Democrat,1
51,1,0.7,5.1,30.6,17.6,63,Graduate,Democrat,6
51,2,0.0,5.6,30.1,13.7,63,Graduate,Democrat,6
52,1,2.2,10.8,39.4,21.3,42,Some College,Democrat,9
52,2,2.2,14.2,37.4,20.5,42,Some College,Democrat,9
53,1,3.9,0.3,55.3,47.4,30,High School,Independent,2
53,2,4.4,0.0,56.1,46.5,30,High School,Independent,2
54,1,0.0,3.5,38.8,52.5,72,Some College,Independent,5
54,2,0.9,3.8,41.1,54.8,72,Some College,Independent,5
55,1,1.1,12.7,12.6,28.2,53,College,Democrat,2
55,2,0.0,14.1,7.8,23.3,53,College,Democrat,2
56,1,1.1,11.1,38.1,18.3,38,Graduate,Democrat,8
56,2,1.2,7.6,41.6,18.2,38,Graduate,Democrat,8
57,1,13.5,1.5,89.3,90.4,48,High School,Republican,8
57,2,11.0,0.0,88.6,97.3,48,High School,Republican,8
58,1,4.1,1.4,70.5,69.9,79,College,Strong Republican,2
58,2,2.7,1.8,68.1,64.1,79,College,Strong Republican,2
59,1,3.4,1.6,51.4,33.0,22,Some College,Independent,5
59,2,1.9,0.0,49.0,32.1,22,Some College,Independent,5
60,1,0.0,6.7,25.7,29.2,60,Graduate,Democrat,1
60,2,3.1,5.3,27.2,23.0,60,Graduate,Democrat,1
61,1,14.6,2.0,70.4,88.0,56,High School,Strong Republican,3
61,2,10.5,1.6,66.5,84.4,56,High School,Strong Republican,3
62,1,8.5,1.0,58.8,89.3,75,High School,Strong Republican,2
62,2,9.2,0.0,58.2,89.2,75,High School,Strong Republican,2
63,1,1.7,5.8,28.7,41.4,82,Graduate,Strong Democrat,6
63,2,3.9,2.2,31.4,48.3,82,Graduate,Strong Democrat,6
64,1,11.6,0.9,78.4,79.5,25,High School,Republican,9
64,2,12.4,3.2,76.1,78.4,25,High School,Republican,9
65,1,1.3,8.0,12.1,4.8,42,High School,Strong Democrat,6
65,2,3.2,6.5,8.7,5.5,42,High School,Strong Democrat,6
66,1,3.3,4.2,68.5,48.4,56,College,Independent,6
66,2,0.0,3.3,61.5,40.6,56,College,Independent,6
67,1,3.2,0.0,60.4,55.1,56,Some College,Independent,1
67,2,1.5,0.0,61.3,50.5,56,Some College,Independent,1
68,1,2.4,3.2,59.4,48.8,49,High School,Independent,7
68,2,1.3,4.0,57.2,41.5,49,High School,Independent,7
69,1,4.5,1.5,56.7,38.6,41,Some College,Independent,3
69,2,3.0,3.2,52.8,45.9,41,Some College,Independent,3
70,1,8.4,1.3,75.7,91.6,27,College,Strong Republican,1
70,2,10.8,2.8,78.0,98.4,27,College,Strong Republican,1
71,1,1.5,6.7,15.8,22.7,40,High School,Strong Democrat,8
71,2,0.2,4.9,16.4,16.9,40,High School,Strong Democrat,8
72,1,0.0,6.6,33.5,20.8,65,High School,Strong Democrat,1
72,2,0.0,3.7,38.4,22.4,65,High School,Strong Democrat,1
73,1,2.8,4.6,31.1,22.1,60,Some College,Democrat,3
73,2,0.0,5.5,30.4,17.0,60,Some College,Democrat,3
74,1,2.6,0.6,60.3,90.7,68,College,Strong Republican,3
74,2,3.9,1.7,56.8,92.2,68,College,Strong Republican,3
75,1,10.6,0.5,72.9,87.5,39,High School,Strong Republican,1
75,2,9.3,0.0,76.3,87.4,39,High School,Strong Republican,1
76,1,3.7,3.6,36.4,45.5,64,Some College,Independent,7
76,2,2.7,2.4,40.2,55.1,64,Some College,Independent,7
77,1,0.3,10.8,13.3,15.7,74,High School,Strong Democrat,5
77,2,0.1,9.1,18.0,19.6,74,High School,Strong Democrat,5
78,1,3.2,5.1,56.2,56.7,67,College,Independent,5
78,2,2.2,4.1,61.1,58.1,67,College,Independent,5
79,1,15.3,0.2,84.5,61.6,59,College,Strong Republican,3
79,2,13.3,0.0,87.7,55.7,59,College,Strong Republican,3
80,1,10.4,0.7,71.7,96.0,21,Graduate,Strong Republican,3
80,2,11.3,4.0,69.2,89.5,21,Graduate,Strong Republican,3
81,1,3.3,4.6,40.0,41.0,72,High School,Independent,1
81,2,2.8,3.0,41.5,42.4,72,High School,Independent,1
82,1,1.4,4.3,37.9,35.5,72,College,Independent,6
82,2,0.0,3.8,36.9,38.2,72,College,Independent,6
83,1,0.0,0.6,33.0,26.7,52,College,Democrat,3
83,2,0.0,4.0,31.3,28.6,52,College,Democrat,3
84,1,8.4,3.0,74.3,64.9,27,Some College,Strong Republican,3
84,2,5.7,3.3,69.7,65.6,27,Some College,Strong Republican,3
85,1,2.1,12.6,42.2,20.8,84,College,Democrat,5
85,2,0.0,18.4,34.7,15.3,84,College,Democrat,5
86,1,2.7,1.7,42.4,27.7,34,Some College,Independent,3
86,2,1.2,2.5,38.8,21.3,34,Some College,Independent,3
87,1,0.0,4.6,18.7,0.0,19,High School,Democrat,1
87,2,2.1,2.7,23.8,7.0,19,High School,Democrat,1
88,1,3.5,3.9,65.9,40.4,39,College,Independent,8
88,2,3.6,0.9,67.6,42.8,39,College,Independent,8
89,1,3.3,2.1,37.3,58.0,62,Some College,Independent,10
89,2,2.7,2.5,43.2,60.3,62,Some College,Independent,10
90,1,13.4,0.0,69.0,66.3,52,High School,Strong Republican,8
90,2,12.7,0.0,68.1,62.2,52,High School,Strong Republican,8
91,1,0.0,10.3,22.3,14.7,46,Some College,Strong Democrat,5
91,2,2.8,8.0,22.5,17.8,46,Some College,Strong Democrat,5
92,1,13.0,2.1,79.3,98.1,38,College,Strong Republican,8
92,2,12.0,0.0,76.0,100.0,38,College,Strong Republican,8
93,1,13.1,0.0,84.1,88.4,57,Some College,Republican,5
93,2,14.6,3.3,80.5,90.0,57,Some College,Republican,5
94,1,1.7,11.2,21.9,30.3,38,Some College,Strong Democrat,3
94,2,4.9,8.8,30.3,36.3,38,Some College,Strong Democrat,3
95,1,0.0,6.7,16.5,29.2,32,College,Democrat,8
95,2,2.4,3.9,24.8,38.1,32,College,Democrat,8
96,1,0.1,13.9,29.7,20.0,19,College,Democrat,9
96,2,5.8,16.2,27.5,22.4,19,College,Democrat,9
97,1,5.0,0.1,81.6,76.1,25,Graduate,Strong Republican,6
97,2,6.6,0.0,81.9,79.0,25,Graduate,Strong Republican,6
98,1,14.9,0.0,65.8,76.4,68,High School,Republican,1
98,2,15.2,0.3,65.5,80.0,68,High School,Republican,1
99,1,4.4,2.2,46.8,37.0,43,College,Independent,9
99,2,4.7,1.3,49.4,35.2,43,College,Independent,9
100,1,0.0,1.9,61.4,59.3,36,College,Independent,1
100,2,0.0,5.5,53.4,56.6,36,College,Independent,1
101,1,2.5,10.0,27.1,12.6,71,College,Strong Democrat,4
101,2,3.0,7.8,26.2,16.0,71,College,Strong Democrat,4
102,1,7.6,0.8,73.9,86.0,76,High School,Republican,10
102,2,9.9,0.5,70.6,91.4,76,High School,Republican,10
103,1,0.8,10.8,24.2,29.7,29,College,Democrat,5
103,2,0.0,13.8,21.9,27.7,29,College,Democrat,5
104,1,10.4,0.4,92.1,74.7,35,Some College,Strong Republican,2
104,2,15.1,0.9,93.3,71.5,35,Some College,Strong Republican,2
105,1,10.4,1.0,71.9,86.1,80,High School,Republican,3
105,2,7.5,1.7,70.1,78.3,80,High School,Republican,3
106,1,0.8,3.5,47.4,42.1,33,College,Independent,9
106,2,4.7,4.5,54.9,41.7,33,College,Independent,9
107,1,1.3,8.2,25.2,4.1,68,High School,Democrat,7
107,2,5.3,1.7,36.5,8.1,68,High School,Democrat,7
108,1,0.5,10.2,39.5,29.8,43,Some College,Democrat,4
108,2,0.8,12.7,34.8,35.2,43,Some College,Democrat,4
109,1,0.0,1.0,55.6,33.6,55,College,Independent,2
109,2,2.1,0.0,63.4,40.7,55,College,Independent,2
110,1,7.6,0.5,83.1,67.0,83,High School,Republican,3
110,2,7.2,0.0,83.9,65.9,83,High School,Republican,3
111,1,2.0,13.1,27.0,5.7,35,Graduate,Democrat,10
111,2,0.4,12.6,23.8,5.4,35,Graduate,Democrat,10
112,1,1.1,12.1,36.5,16.3,65,Some College,Strong Democrat,7
112,2,2.1,14.0,36.6,14.8,65,Some College,Strong Democrat,7
113,1,4.0,2.9,58.6,38.1,84,High School,Independent,8
113,2,0.0,4.2,61.3,36.4,84,High School,Independent,8
114,1,1.1,2.0,49.1,53.5,32,College,Independent,5
114,2,4.6,0.0,45.1,55.8,32,College,Independent,5
115,1,2.3,1.4,89.3,82.0,33,High School,Strong Republican,4
115,2,4.7,1.8,92.7,86.5,33,High School,Strong Republican,4
116,1,1.6,10.6,27.8,25.3,18,Some College,Democrat,9
116,2,0.0,14.2,18.3,26.0,18,Some College,Democrat,9
117,1,1.3,1.5,50.1,43.6,69,High School,Independent,8
117,2,1.8,0.6,47.3,44.5,69,High School,Independent,8
118,1,4.4,3.2,51.8,32.8,64,Some College,Independent,1
118,2,4.1,4.6,52.9,28.2,64,Some College,Independent,1
119,1,0.0,7.3,31.1,24.4,37,High School,Democrat,7
119,2,3.7,6.2,39.2,27.7,37,High School,Democrat,7
120,1,4.6,2.2,77.9,68.2,22,College,Republican,2
120,2,1.8,5.0,71.8,67.5,22,College,Republican,2
121,1,11.6,0.4,69.6,82.2,18,Some College,Strong Republican,10
121,2,11.5,0.3,73.6,83.0,18,Some College,Strong Republican,10
122,1,0.9,2.7,35.8,52.9,34,Graduate,Independent,1
122,2,4.2,5.9,31.0,50.4,34,Graduate,Independent,1
123,1,5.3,1.6,69.7,85.6,84,High School,Strong Republican,1
123,2,6.8,0.0,76.5,87.2,84,High School,Strong Republican,1
124,1,2.1,2.1,45.4,40.7,44,Graduate,Independent,7
124,2,2.0,2.7,46.8,40.0,44,Graduate,Independent,7
125,1,2.5,0.3,52.7,57.7,75,Some College,Independent,8
125,2,3.4,0.0,53.0,62.5,75,Some College,Independent,8
126,1,2.1,1.9,66.9,57.5,46,High School,Independent,4
126,2,0.0,3.9,63.9,51.0,46,High School,Independent,4
127,1,1.4,7.5,25.2,14.0,39,Graduate,Democrat,4
127,2,0.0,8.1,32.9,14.4,39,Graduate,Democrat,4
128,1,1.1,9.6,15.1,24.7,48,High School,Strong Democrat,9
128,2,3.6,11.7,9.9,22.9,48,High School,Strong Democrat,9
129,1,4.3,0.0,65.5,94.4,53,High School,Republican,1
129,2,7.6,1.9,59.5,93.3,53,High School,Republican,1
130,1,2.2,3.3,33.9,29.7,83,College,Independent,8
130,2,2.2,2.4,33.9,31.2,83,College,Independent,8
131,1,0.0,3.9,21.3,26.5,82,High School,Strong Democrat,4
131,2,0.0,5.2,17.9,34.5,82,High School,Strong Democrat,4
132,1,1.3,4.2,46.5,55.1,69,College,Independent,9
132,2,3.7,4.3,46.4,68.7,69,College,Independent,9
133,1,0.0,9.4,11.0,31.8,54,High School,Strong Democrat,9
133,2,7.0,10.0,12.5,37.2,54,High School,Strong Democrat,9
134,1,0.9,11.6,16.1,36.4,56,Graduate,Strong Democrat,3
134,2,0.0,10.5,20.3,36.0,56,Graduate,Strong Democrat,3
135,1,15.5,0.0,74.4,83.8,58,High School,Republican,4
135,2,10.4,0.3,69.0,74.9,58,High School,Republican,4
136,1,0.0,4.8,18.8,17.6,84,High School,Democrat,6
136,2,0.1,7.7,13.2,16.1,84,High School,Democrat,6
137,1,1.1,1.3,38.4,46.0,71,College,Independent,10
137,2,5.2,0.8,45.5,51.0,71,College,Independent,10
138,1,1.5,11.7,21.8,3.9,43,High School,Democrat,5
138,2,4.9,10.5,21.5,4.8,43,High School,Democrat,5
139,1,1.1,10.6,38.9,18.1,41,College,Strong Democrat,10
139,2,3.3,14.3,42.7,12.9,41,College,Strong Democrat,10
140,1,6.9,1.6,59.6,62.0,52,College,Strong Republican,1
140,2,5.3,0.0,64.4,59.7,52,College,Strong Republican,1
141,1,12.6,0.0,86.1,74.0,48,College,Strong Republican,9
141,2,11.5,2.2,86.4,77.9,48,College,Strong Republican,9
142,1,10.4,1.6,82.2,69.7,41,Some College,Republican,6
142,2,10.8,1.1,84.8,68.4,41,Some College,Republican,6
143,1,0.0,10.4,34.3,16.0,35,High School,Strong Democrat,7
143,2,0.0,12.7,35.8,16.4,35,High School,Strong Democrat,7
144,1,0.1,5.5,35.3,56.8,72,Some College,Independent,1
144,2,1.9,8.6,35.0,57.2,72,Some College,Independent,1
145,1,12.2,0.5,64.1,89.4,61,High School,Republican,3
145,2,14.4,0.4,64.5,92.7,61,High School,Republican,3
146,1,3.0,9.5,29.4,10.9,62,College,Strong Democrat,1
146,2,3.1,7.1,33.4,12.5,62,College,Strong Democrat,1
147,1,2.0,4.0,27.2,17.2,30,College,Strong Democrat,6
147,2,2.0,2.6,29.0,21.8,30,College,Strong Democrat,6
148,1,1.0,5.4,44.7,12.9,54,High School,Strong Democrat,3
148,2,0.8,3.0,49.6,19.7,54,High School,Strong Democrat,3
149,1,1.7,14.3,39.6,21.3,48,High School,Democrat,3
149,2,4.4,17.6,40.0,15.9,48,High School,Democrat,3
150,1,5.2,1.4,40.9,31.4,49,Graduate,Independent,5
150,2,7.3,0.0,41.7,33.2,49,Graduate,Independent,5
151,1,11.7,1.9,69.0,86.5,72,Some College,Republican,8
151,2,13.4,3.1,70.9,86.9,72,Some College,Republican,8
152,1,0.8,3.8,38.4,43.7,71,College,Independent,5
152,2,4.7,5.0,46.9,44.1,71,College,Independent,5
153,1,1.4,8.0,31.7,26.2,61,Some College,Strong Democrat,9
153,2,0.6,8.7,29.3,26.4,61,Some College,Strong Democrat,9
154,1,2.3,5.0,57.9,35.4,79,High School,Independent,8
154,2,1.4,0.4,58.0,33.3,79,High School,Independent,8
155,1,3.9,0.0,89.6,71.9,77,College,Strong Republican,9
155,2,6.4,0.0,95.7,74.7,77,College,Strong Republican,9
156,1,0.4,7.0,29.4,31.1,53,Some College,Strong Democrat,10
156,2,1.1,5.6,28.2,37.3,53,Some College,Strong Democrat,10
157,1,3.7,2.8,71.9,43.0,35,College,Independent,4
157,2,5.3,3.2,77.3,40.8,35,College,Independent,4
158,1,0.0,4.3,25.7,21.5,38,Some College,Strong Democrat,5
158,2,0.0,5.9,21.6,15.2,38,Some College,Strong Democrat,5
159,1,2.4,6.9,40.6,6.9,36,High School,Democrat,10
159,2,0.8,5.4,44.3,10.2,36,High School,Democrat,10
160,1,2.2,4.4,37.4,32.0,35,Graduate,Independent,10
160,2,2.8,2.8,33.0,30.3,35,Graduate,Independent,10
161,1,14.6,2.2,89.1,79.5,51,Some College,Republican,7
161,2,13.0,0.5,85.6,76.2,51,Some College,Republican,7
162,1,15.4,1.5,85.9,88.4,82,Some College,Strong Republican,9
162,2,14.1,3.5,84.0,83.3,82,Some College,Strong Republican,9
163,1,3.8,1.4,65.9,49.4,27,College,Independent,3
163,2,0.7,3.2,66.5,42.3,27,College,Independent,3
164,1,3.4,2.8,52.3,29.3,81,Graduate,Independent,5
164,2,2.3,6.9,52.0,28.0,81,Graduate,Independent,5
165,1,0.0,10.6,8.0,16.8,22,Some College,Democrat,2
165,2,0.3,6.8,11.5,24.6,22,Some College,Democrat,2
166,1,1.5,9.6,34.2,18.0,59,College,Democrat,1
166,2,2.7,8.6,33.8,17.4,59,College,Democrat,1
167,1,0.4,11.4,36.8,20.8,52,College,Strong Democrat,6
167,2,0.0,9.1,36.2,25.7,52,College,Strong Democrat,6
168,1,1.5,7.0,44.6,16.7,19,Some College,Strong Democrat,5
168,2,2.6,5.2,49.7,19.2,19,Some College,Strong Democrat,5
169,1,1.2,9.1,26.4,23.7,72,College,Democrat,8
169,2,0.0,9.9,25.9,26.4,72,College,Democrat,8
170,1,0.0,12.9,17.6,33.1,42,High School,Strong Democrat,5
170,2,0.0,13.2,12.9,33.6,42,High School,Strong Democrat,5
171,1,0.9,4.8,33.8,7.0,35,High School,Democrat,10
171,2,2.4,3.7,34.8,10.8,35,High School,Democrat,10
172,1,4.4,1.3,55.7,46.6,73,Some College,Independent,7
172,2,5.0,2.1,62.8,50.1,73,Some College,Independent,7
173,1,2.7,3.4,48.9,51.0,56,Some College,Independent,7
173,2,5.7,6.3,51.0,52.8,56,Some College,Independent,7
174,1,0.9,3.4,49.8,56.4,71,College,Independent,6
174,2,0.0,5.1,45.7,58.1,71,College,Independent,6
175,1,0.8,16.3,5.7,9.3,48,Some College,Strong Democrat,1
175,2,0.6,10.1,13.1,11.9,48,Some College,Strong Democrat,1
176,1,6.2,1.4,39.3,31.1,78,High School,Independent,9
176,2,8.1,3.3,37.4,34.2,78,High School,Independent,9
177,1,0.7,8.4,20.8,21.6,52,High School,Democrat,2
177,2,1.6,9.8,17.4,22.2,52,High School,Democrat,2
178,1,5.6,2.0,81.9,97.1,49,Some College,Strong Republican,6
178,2,1.4,0.1,77.4,91.4,49,Some College,Strong Republican,6
179,1,4.8,0.0,80.7,85.8,79,Some College,Strong Republican,6
179,2,4.9,0.0,84.3,88.3,79,Some College,Strong Republican,6
180,1,0.9,3.0,47.8,36.6,23,High School,Independent,4
180,2,0.0,4.2,48.4,44.0,23,High School,Independent,4
181,1,7.2,0.2,86.2,71.8,82,High School,Strong Republican,3
181,2,10.3,0.8,90.2,74.3,82,High School,Strong Republican,3
182,1,1.6,0.0,52.6,39.5,28,Some College,Independent,10
182,2,1.4,2.5,47.1,41.3,28,Some College,Independent,10
183,1,2.9,16.0,16.8,36.7,59,High School,Strong Democrat,6
183,2,0.0,13.5,15.3,39.4,59,High School,Strong Democrat,6
184,1,2.3,3.8,50.2,63.8,30,High School,Independent,7
184,2,2.8,1.5,50.2,63.3,30,High School,Independent,7
185,1,14.8,1.7,80.5,66.4,46,Graduate,Republican,3
185,2,12.6,0.3,81.9,64.7,46,Graduate,Republican,3
186,1,14.1,0.4,73.2,67.9,19,High School,Strong Republican,8
186,2,13.0,0.0,76.8,60.7,19,High School,Strong Republican,8
187,1,0.4,13.6,29.8,10.8,74,Graduate,Strong Democrat,3
187,2,0.0,15.1,29.7,12.6,74,Graduate,Strong Democrat,3
188,1,12.9,0.0,82.6,65.7,21,Some College,Strong Republican,4
188,2,16.6,0.0,84.0,72.4,21,Some College,Strong Republican,4
189,1,0.1,8.4,20.7,34.9,26,Some College,Strong Democrat,7
189,2,1.1,7.6,26.2,31.4,26,Some College,Strong Democrat,7
190,1,1.7,4.2,57.7,33.1,59,Some College,Independent,3
190,2,4.6,6.5,62.6,34.1,59,Some College,Independent,3
191,1,7.0,0.0,84.5,69.5,56,High School,Strong Republican,9
191,2,5.9,0.9,79.4,61.9,56,High School,Strong Republican,9
192,1,5.1,0.0,76.6,72.4,40,College,Strong Republican,10
192,2,1.3,0.0,75.9,57.7,40,College,Strong Republican,10
193,1,11.4,0.4,79.9,90.8,41,Some College,Strong Republican,7
193,2,11.0,0.0,74.8,80.0,41,Some College,Strong Republican,7
194,1,3.5,2.7,50.8,64.8,34,Some College,Independent,3
194,2,2.1,4.1,49.1,64.2,34,Some College,Independent,3
195,1,1.1,6.2,24.2,19.8,70,High School,Democrat,10
195,2,0.0,4.6,24.9,22.3,70,High School,Democrat,10
196,1,0.3,9.8,29.6,18.3,64,Some College,Democrat,8
196,2,1.0,7.4,26.7,20.8,64,Some College,Democrat,8
197,1,0.0,1.6,35.5,45.6,69,College,Independent,2
197,2,4.5,2.0,36.4,52.8,69,College,Independent,2
198,1,2.2,1.1,51.8,33.5,51,High School,Independent,7
198,2,0.6,0.8,47.2,35.3,51,High School,Independent,7
199,1,1.8,12.9,31.7,3.3,52,Some College,Strong Democrat,1
199,2,1.2,13.5,29.5,3.9,52,Some College,Strong Democrat,1
200,1,6.9,0.6,85.8,88.7,59,Some College,Republican,1
200,2,8.3,3.1,83.1,82.2,59,Some College,Republican,1
201,1,2.0,2.0,53.5,32.2,62,College,Independent,5
201,2,2.5,3.4,54.5,32.6,62,College,Independent,5
202,1,3.6,9.0,22.5,12.8,34,Some College,Strong Democrat,6
202,2,2.3,6.7,25.4,16.7,34,Some College,Strong Democrat,6
203,1,2.6,9.7,39.9,13.4,51,College,Democrat,3
203,2,4.4,10.8,40.9,16.3,51,College,Democrat,3
204,1,3.5,1.6,28.1,38.9,68,High School,Independent,8
204,2,4.3,0.0,29.4,40.7,68,High School,Independent,8
205,1,13.4,1.9,95.6,68.5,84,College,Strong Republican,10
205,2,14.9,1.4,96.3,72.0,84,College,Strong Republican,10
206,1,0.7,2.7,65.2,36.4,80,Some College,Independent,3
206,2,0.0,5.1,66.8,27.8,80,Some College,Independent,3
207,1,1.9,9.0,10.7,36.3,27,College,Strong Democrat,9
207,2,0.5,9.7,8.1,42.6,27,College,Strong Democrat,9
208,1,0.0,9.0,22.4,30.7,49,Some College,Democrat,5
208,2,1.1,6.7,20.1,34.8,49,Some College,Democrat,5
209,1,10.2,1.7,88.0,67.4,71,College,Strong Republican,4
209,2,11.7,6.9,91.0,68.3,71,College,Strong Republican,4
210,1,3.9,0.8,59.0,31.4,82,Some College,Independent,5
210,2,5.1,0.0,61.5,37.6,82,Some College,Independent,5
211,1,12.9,0.5,71.3,78.9,53,High School,Republican,9
211,2,12.1,1.4,75.2,72.3,53,High School,Republican,9
212,1,1.6,11.1,26.2,27.5,74,Some College,Strong Democrat,10
212,2,1.7,8.5,30.7,32.7,74,Some College,Strong Democrat,10
213,1,0.4,11.9,13.7,22.0,69,Some College,Democrat,6
213,2,1.5,11.3,17.5,29.9,69,Some College,Democrat,6
214,1,1.9,8.5,34.1,21.9,60,Some College,Democrat,3
214,2,0.0,4.8,27.5,18.9,60,Some College,Democrat,3
215,1,2.9,5.6,34.1,54.9,24,Graduate,Independent,10
215,2,0.0,5.9,22.7,49.3,24,Graduate,Independent,10
216,1,13.0,2.4,84.0,87.6,25,Some College,Strong Republican,1
216,2,13.4,0.0,80.7,91.3,25,Some College,Strong Republican,1
217,1,4.5,2.3,71.3,95.1,61,College,Strong Republican,7
217,2,4.7,5.4,65.4,86.1,61,College,Strong Republican,7
218,1,0.0,11.9,35.9,19.2,72,College,Democrat,5
218,2,0.0,10.7,38.9,23.0,72,College,Democrat,5
219,1,9.0,1.3,66.2,68.8,24,Some College,Republican,6
219,2,10.6,4.6,71.3,68.2,24,Some College,Republican,6
220,1,1.6,9.7,14.3,16.9,74,Some College,Strong Democrat,10
220,2,2.6,8.7,15.5,6.7,74,Some College,Strong Democrat,10
221,1,7.7,1.2,66.2,64.8,23,College,Strong Republican,5
221,2,8.6,1.6,70.7,66.3,23,College,Strong Republican,5
222,1,2.8,0.0,79.6,88.2,77,College,Republican,1
222,2,4.8,0.0,77.6,95.8,77,College,Republican,1
223,1,1.8,15.4,0.0,11.5,25,Some College,Strong Democrat,7
223,2,0.7,15.9,1.3,3.9,25,Some College,Strong Democrat,7
224,1,1.6,11.3,16.0,18.7,46,College,Strong Democrat,2
224,2,0.7,7.3,16.4,21.5,46,College,Strong Democrat,2
225,1,13.7,0.0,58.9,93.7,42,College,Strong Republican,8
225,2,16.6,0.9,59.1,97.2,42,College,Strong Republican,8
226,1,12.0,1.7,93.6,88.5,56,Graduate,Republican,7
226,2,12.8,1.4,98.0,86.5,56,Graduate,Republican,7
227,1,2.0,3.3,64.9,46.2,67,Some College,Independent,10
227,2,1.2,3.1,58.5,43.8,67,Some College,Independent,10
228,1,0.3,5.3,4.9,13.7,72,Some College,Democrat,10
228,2,2.4,6.2,3.3,12.7,72,Some College,Democrat,10
229,1,1.8,3.3,48.9,44.6,63,Some College,Independent,1
229,2,7.5,5.8,53.6,42.5,63,Some College,Independent,1
230,1,1.9,13.6,23.1,17.9,27,High School,Democrat,8
230,2,2.0,15.9,20.6,19.7,27,High School,Democrat,8
231,1,7.0,0.0,85.0,88.6,83,Graduate,Strong Republican,9
231,2,6.4,2.4,83.4,88.5,83,Graduate,Strong Republican,9
232,1,0.0,10.7,37.6,8.1,67,College,Strong Democrat,3
232,2,6.9,7.6,48.7,9.9,67,College,Strong Democrat,3
233,1,0.5,10.4,25.5,20.4,41,Graduate,Strong Democrat,10
233,2,0.0,9.3,26.9,26.7,41,Graduate,Strong Democrat,10
234,1,3.9,0.0,47.6,38.5,72,Some College,Independent,6
234,2,7.5,0.0,53.1,35.6,72,Some College,Independent,6
235,1,5.4,0.0,65.4,90.5,48,High School,Strong Republican,5
235,2,5.0,0.5,65.5,87.8,48,High School,Strong Republican,5
236,1,0.0,4.8,61.5,37.9,46,Some College,Independent,2
236,2,0.0,2.1,61.1,42.4,46,Some College,Independent,2
237,1,14.6,2.2,90.7,66.2,58,Some College,Strong Republican,9
237,2,13.0,1.2,89.8,68.9,58,Some College,Strong Republican,9
238,1,0.8,9.8,12.6,23.5,65,High School,Democrat,8
238,2,1.0,7.5,13.7,26.9,65,High School,Democrat,8
239,1,2.8,10.2,26.1,10.2,68,College,Strong Democrat,3
239,2,2.3,11.0,25.8,7.2,68,College,Strong Democrat,3
240,1,4.6,0.3,72.7,91.7,64,Graduate,Republican,9
240,2,0.9,0.0,69.2,89.5,64,Graduate,Republican,9
241,1,3.7,0.0,78.0,84.8,29,High School,Strong Republican,8
241,2,6.5,2.4,80.3,82.6,29,High School,Strong Republican,8
242,1,2.9,0.0,74.5,66.9,58,Some College,Strong Republican,6
242,2,4.8,0.0,78.1,72.5,58,Some College,Strong Republican,6
243,1,0.2,3.4,61.8,40.2,59,College,Independent,10
243,2,0.6,1.3,61.9,47.0,59,College,Independent,10
244,1,2.1,1.3,57.8,42.6,40,Graduate,Independent,9
244,2,0.0,3.1,55.3,31.2,40,Graduate,Independent,9
245,1,15.5,1.0,84.2,86.9,53,High School,Strong Republican,8
245,2,12.3,3.4,79.5,83.7,53,High School,Strong Republican,8
246,1,0.0,2.3,16.9,12.7,38,Some College,Democrat,3
246,2,3.4,0.0,20.4,15.5,38,Some College,Democrat,3
247,1,4.3,1.1,35.5,44.3,76,Some College,Independent,2
247,2,5.2,0.0,40.8,49.3,76,Some College,Independent,2
248,1,2.1,6.7,37.8,19.4,23,Some College,Strong Democrat,3
248,2,0.3,7.6,33.1,17.7,23,Some College,Strong Democrat,3
249,1,13.8,1.1,89.4,71.0,23,College,Republican,10
249,2,16.8,0.0,94.1,78.2,23,College,Republican,10
250,1,2.4,1.1,45.4,37.4,64,High School,Independent,2
250,2,3.3,5.1,48.4,41.3,64,High School,Independent,2
251,1,2.7,11.2,31.4,18.2,45,College,Democrat,2
251,2,2.7,11.0,32.4,15.1,45,College,Democrat,2
252,1,8.3,0.0,71.0,85.4,53,Graduate,Strong Republican,5
252,2,9.8,2.0,68.2,94.8,53,Graduate,Strong Republican,5
253,1,1.6,8.2,36.9,30.4,82,Graduate,Democrat,6
253,2,0.0,7.5,30.9,28.4,82,Graduate,Democrat,6
254,1,0.0,2.1,54.5,30.2,68,High School,Independent,5
254,2,2.0,1.4,53.8,28.1,68,High School,Independent,5
255,1,9.8,0.3,90.8,79.2,53,Some College,Strong Republican,4
255,2,12.3,0.0,93.3,81.1,53,Some College,Strong Republican,4
256,1,3.2,4.1,40.2,44.1,39,Some College,Independent,2
256,2,3.1,3.6,44.3,40.4,39,Some College,Independent,2
257,1,4.7,0.0,86.6,67.4,25,Graduate,Strong Republican,7
257,2,0.7,0.0,81.4,64.0,25,Graduate,Strong Republican,7
258,1,0.5,13.1,38.3,10.7,67,College,Strong Democrat,9
258,2,2.1,16.4,35.9,9.9,67,College,Strong Democrat,9
259,1,1.9,5.7,58.3,67.7,28,High School,Independent,3
259,2,1.5,5.1,56.7,63.8,28,High School,Independent,3
260,1,3.2,3.4,7.1,20.4,76,Some College,Democrat,7
260,2,3.0,6.8,7.1,14.2,76,Some College,Democrat,7
261,1,12.5,1.6,67.0,74.1,36,Graduate,Strong Republican,9
261,2,12.1,3.8,64.7,68.8,36,Graduate,Strong Republican,9
262,1,11.3,1.6,77.4,87.1,56,High School,Strong Republican,7
262,2,13.0,0.0,73.9,83.7,56,High School,Strong Republican,7
263,1,2.7,1.2,81.4,73.8,54,High School,Strong Republican,6
263,2,2.8,2.8,87.4,70.3,54,High School,Strong Republican,6
264,1,2.4,0.0,73.4,84.5,23,College,Republican,7
264,2,4.0,0.0,77.0,83.6,23,College,Republican,7
265,1,0.0,9.2,29.5,35.2,38,High School,Strong Democrat,7
265,2,0.0,9.2,30.0,33.2,38,High School,Strong Democrat,7
266,1,1.1,9.0,28.8,3.9,82,Some College,Strong Democrat,5
266,2,1.2,5.8,28.6,5.2,82,Some College,Strong Democrat,5
267,1,2.5,0.0,49.5,34.1,57,High School,Independent,10
267,2,5.8,3.8,53.5,30.1,57,High School,Independent,10
268,1,1.4,10.0,29.7,23.7,62,Graduate,Strong Democrat,10
268,2,0.3,8.9,29.4,26.7,62,Graduate,Strong Democrat,10
269,1,0.6,2.0,43.7,48.8,44,High School,Independent,1
269,2,1.5,6.2,41.6,41.8,44,High School,Independent,1
270,1,13.5,0.0,79.9,79.0,82,Some College,Republican,10
270,2,15.2,0.0,81.8,74.1,82,Some College,Republican,10
271,1,1.9,14.4,15.2,25.9,52,College,Strong Democrat,5
271,2,1.6,13.5,12.1,30.4,52,College,Strong Democrat,5
272,1,12.1,2.4,66.0,100.0,33,Graduate,Strong Republican,5
272,2,12.0,1.5,68.7,100.0,33,Graduate,Strong Republican,5
273,1,5.0,0.6,72.2,95.3,44,High School,Strong Republican,6
273,2,2.8,0.1,74.4,100.0,44,High School,Strong Republican,6
274,1,2.3,7.9,28.3,35.8,35,College,Democrat,6
274,2,0.2,8.1,23.8,33.8,35,College,Democrat,6
275,1,10.9,2.8,82.2,90.4,35,High School,Republican,10
275,2,14.5,2.2,91.2,90.6,35,High School,Republican,10
276,1,4.5,1.9,34.5,28.5,59,College,Independent,7
276,2,3.5,0.9,37.3,30.9,59,College,Independent,7
277,1,1.4,0.5,36.9,43.5,32,Some College,Independent,2
277,2,1.2,0.0,42.9,46.2,32,Some College,Independent,2
278,1,3.8,0.0,70.6,77.5,46,High School,Strong Republican,6
278,2,3.0,2.9,68.2,72.4,46,High School,Strong Republican,6
279,1,11.6,1.1,87.4,77.1,84,High School,Strong Republican,5
279,2,11.7,0.0,89.4,78.9,84,High School,Strong Republican,5
280,1,4.5,2.3,42.4,58.0,54,Some College,Independent,3
280,2,3.3,3.4,42.6,59.6,54,Some College,Independent,3
281,1,1.2,13.3,16.9,24.6,79,Some College,Strong Democrat,6
281,2,1.6,13.6,14.7,27.6,79,Some College,Strong Democrat,6
282,1,2.1,0.9,59.0,49.0,56,Some College,Independent,4
282,2,8.9,6.3,61.6,51.2,56,Some College,Independent,4
283,1,2.8,1.3,63.3,84.3,73,High School,Strong Republican,5
283,2,5.2,3.9,64.3,90.9,73,High School,Strong Republican,5
284,1,2.8,4.1,64.9,37.4,20,Graduate,Independent,8
284,2,4.6,2.2,67.0,40.5,20,Graduate,Independent,8
285,1,2.6,14.2,8.3,24.9,22,High School,Strong Democrat,10
285,2,2.4,14.6,6.8,24.2,22,High School,Strong Democrat,10
286,1,15.1,1.2,73.3,65.7,55,Some College,Strong Republican,3
286,2,17.5,3.9,72.0,70.1,55,Some College,Strong Republican,3
287,1,6.8,1.2,67.2,79.4,29,Graduate,Strong Republican,7
287,2,8.1,0.1,69.9,80.8,29,Graduate,Strong Republican,7
288,1,2.0,0.0,67.3,81.3,55,Graduate,Strong Republican,6
288,2,4.3,1.5,62.6,91.7,55,Graduate,Strong Republican,6
289,1,3.7,4.8,43.6,53.0,23,Graduate,Independent,4
289,2,4.7,3.9,42.2,57.5,23,Graduate,Independent,4
290,1,0.9,2.7,47.5,51.4,24,College,Independent,8
290,2,1.6,7.4,48.6,46.8,24,College,Independent,8
291,1,0.2,0.4,49.0,58.8,73,Some College,Independent,8
291,2,1.5,0.0,57.7,59.2,73,Some College,Independent,8
292,1,0.0,12.9,19.8,14.0,60,Some College,Strong Democrat,1
292,2,1.4,16.0,24.9,14.6,60,Some College,Strong Democrat,1
293,1,1.9,12.3,38.2,16.7,65,College,Strong Democrat,2
293,2,3.0,13.8,38.4,14.8,65,College,Strong Democrat,2
294,1,4.3,5.3,53.2,36.7,70,College,Independent,6
294,2,2.6,8.5,48.3,32.4,70,College,Independent,6
295,1,2.8,12.5,11.1,29.2,62,College,Democrat,10
295,2,0.0,13.5,9.6,29.4,62,College,Democrat,10
296,1,0.0,9.3,23.6,0.0,75,High School,Strong Democrat,9
296,2,0.0,9.4,22.2,1.4,75,High School,Strong Democrat,9
297,1,9.7,0.6,72.6,81.8,47,College,Republican,6
297,2,10.7,4.0,69.9,79.9,47,College,Republican,6
298,1,0.0,14.0,23.2,8.8,70,College,Strong Democrat,5
298,2,0.0,16.0,30.7,4.1,70,College,Strong Democrat,5
299,1,7.3,0.0,76.1,80.9,45,Some College,Republican,3
299,2,9.3,0.0,81.5,88.3,45,Some College,Republican,3
300,1,10.2,1.1,89.1,85.5,80,High School,Strong Republican,1
300,2,9.6,0.0,83.5,85.7,80,High School,Strong Republican,1
301,1,2.6,0.8,69.5,40.8,42,Some College,Independent,2
301,2,1.8,0.0,69.5,42.8,42,Some College,Independent,2
302,1,6.5,1.4,93.7,77.4,33,Graduate,Strong Republican,5
302,2,7.3,0.0,95.2,76.0,33,Graduate,Strong Republican,5
303,1,0.9,4.5,58.7,57.1,81,Some College,Independent,9
303,2,2.1,3.5,56.8,58.2,81,Some College,Independent,9
304,1,0.0,5.2,31.0,24.6,30,Some College,Strong Democrat,2
304,2,1.0,3.1,36.2,31.4,30,Some College,Strong Democrat,2
305,1,0.0,7.9,35.2,26.3,49,Graduate,Strong Democrat,1
305,2,3.3,10.0,38.0,32.2,49,Graduate,Strong Democrat,1
306,1,2.3,7.0,61.7,31.6,83,College,Independent,2
306,2,5.2,3.0,64.4,41.7,83,College,Independent,2
307,1,14.7,0.5,62.8,73.3,55,Graduate,Republican,2
307,2,14.7,2.0,59.9,68.5,55,Graduate,Republican,2
308,1,0.5,2.3,31.9,27.2,68,Some College,Democrat,3
308,2,1.0,3.2,31.1,25.1,68,Some College,Democrat,3
309,1,12.9,1.5,92.7,75.5,55,College,Republican,10
309,2,14.2,0.0,93.3,79.1,55,College,Republican,10
310,1,2.3,2.1,66.1,69.0,43,Graduate,Republican,1
310,2,0.0,0.3,65.2,70.1,43,Graduate,Republican,1
311,1,1.6,1.1,47.2,53.9,63,Some College,Independent,9
311,2,2.4,1.3,45.6,58.1,63,Some College,Independent,9
312,1,3.9,3.6,51.5,53.1,27,Some College,Independent,2
312,2,6.9,1.7,52.8,49.9,27,Some College,Independent,2
313,1,3.7,1.4,57.6,37.1,62,College,Independent,6
313,2,0.4,0.9,57.8,37.8,62,College,Independent,6
314,1,11.4,1.2,84.6,60.0,22,High School,Strong Republican,9
314,2,7.9,3.5,81.5,60.0,22,High School,Strong Republican,9
315,1,1.5,7.4,11.7,29.5,44,Some College,Strong Democrat,2
315,2,0.0,5.4,16.1,20.9,44,Some College,Strong Democrat,2
316,1,9.1,0.0,89.8,88.5,31,College,Strong Republican,1
316,2,0.8,2.5,74.5,82.4,31,College,Strong Republican,1
317,1,9.8,2.4,77.1,84.3,24,College,Strong Republican,6
317,2,10.4,0.6,79.5,84.7,24,College,Strong Republican,6
318,1,2.3,2.8,56.0,47.2,19,High School,Independent,4
318,2,2.1,0.0,61.0,49.1,19,High School,Independent,4
319,1,4.6,2.0,69.8,98.5,22,High School,Republican,4
319,2,3.5,1.6,71.3,92.6,22,High School,Republican,4
320,1,3.1,2.7,48.0,42.7,62,College,Independent,8
320,2,3.5,2.8,49.2,42.1,62,College,Independent,8
321,1,1.2,2.5,9.6,11.1,68,Graduate,Democrat,1
321,2,3.1,3.7,8.8,4.0,68,Graduate,Democrat,1
322,1,12.0,2.2,66.0,88.4,70,Graduate,Strong Republican,10
322,2,10.5,0.0,69.0,86.5,70,Graduate,Strong Republican,10
323,1,0.8,2.4,36.7,34.1,71,High School,Independent,2
323,2,0.2,5.3,38.5,32.5,71,High School,Independent,2
324,1,1.2,2.1,50.7,50.9,62,Graduate,Independent,10
324,2,1.6,3.4,46.1,40.7,62,Graduate,Independent,10
325,1,1.1,7.8,40.0,20.0,27,Some College,Strong Democrat,8
325,2,1.1,8.3,40.6,19.7,27,Some College,Strong Democrat,8
326,1,7.2,3.3,66.4,84.7,67,Some College,Republican,6
326,2,4.4,0.7,66.7,90.4,67,Some College,Republican,6
327,1,0.8,7.1,30.3,23.9,84,High School,Strong Democrat,3
327,2,1.5,5.8,31.1,26.3,84,High School,Strong Democrat,3
328,1,1.8,1.2,64.5,51.6,64,College,Independent,7
328,2,0.9,6.7,57.2,52.5,64,College,Independent,7
329,1,2.4,11.2,25.3,8.6,63,Graduate,Strong Democrat,6
329,2,0.0,8.6,26.6,2.7,63,Graduate,Strong Democrat,6
330,1,4.6,2.5,41.2,59.0,67,Some College,Independent,10
330,2,2.9,2.3,38.2,58.5,67,Some College,Independent,10
331,1,12.1,2.0,76.6,68.7,76,Some College,Strong Republican,7
331,2,14.4,0.0,82.1,67.5,76,Some College,Strong Republican,7
332,1,3.2,1.5,64.5,39.4,57,Graduate,Independent,4
332,2,0.0,0.0,64.5,33.7,57,Graduate,Independent,4
333,1,2.8,5.3,62.6,45.3,39,College,Independent,8
333,2,5.3,5.1,63.8,48.8,39,College,Independent,8
334,1,3.5,2.7,48.4,37.7,62,High School,Independent,1
334,2,5.0,0.0,58.3,43.6,62,High School,Independent,1
335,1,2.7,1.7,27.4,64.1,62,Graduate,Independent,1
335,2,1.9,1.2,25.7,71.9,62,Graduate,Independent,1
336,1,8.6,1.1,78.7,78.4,57,High School,Republican,6
336,2,12.4,3.4,78.2,78.2,57,High School,Republican,6
337,1,10.6,0.2,78.5,83.6,27,Some College,Strong Republican,8
337,2,6.4,1.9,73.8,80.9,27,Some College,Strong Republican,8
338,1,11.2,0.8,85.1,75.9,25,College,Republican,5
338,2,8.6,2.2,80.3,69.5,25,College,Republican,5
339,1,0.0,0.2,59.3,53.6,24,Some College,Independent,5
339,2,4.1,0.0,64.2,57.2,24,Some College,Independent,5
340,1,1.2,4.8,66.4,44.9,74,College,Independent,6
340,2,0.0,4.6,64.6,45.0,74,College,Independent,6
341,1,1.3,2.6,50.8,26.8,43,College,Independent,6
341,2,0.0,5.1,44.5,24.1,43,College,Independent,6
342,1,5.3,0.3,92.7,86.7,37,College,Strong Republican,10
342,2,3.6,2.5,91.4,83.8,37,College,Strong Republican,10
343,1,11.0,0.4,75.3,85.7,71,Graduate,Republican,4
343,2,9.1,2.2,77.2,81.2,71,Graduate,Republican,4
344,1,4.5,1.9,48.8,40.7,71,Graduate,Independent,8
344,2,0.0,0.0,44.5,43.7,71,Graduate,Independent,8
345,1,2.0,15.0,33.4,24.2,20,High School,Democrat,8
345,2,1.2,14.1,36.5,22.4,20,High School,Democrat,8
346,1,5.1,3.5,66.1,90.0,26,High School,Republican,2
346,2,10.1,0.3,69.5,96.3,26,High School,Republican,2
347,1,6.7,0.5,77.8,89.0,22,High School,Strong Republican,2
347,2,2.3,1.5,72.0,88.7,22,High School,Strong Republican,2
348,1,0.0,1.2,28.7,60.2,81,Graduate,Independent,6
348,2,0.5,0.0,29.8,63.0,81,Graduate,Independent,6
349,1,0.0,5.4,28.3,20.0,58,College,Strong Democrat,7
349,2,0.0,4.6,26.7,25.5,58,College,Strong Democrat,7
350,1,0.0,11.4,29.3,12.8,77,Some College,Democrat,2
350,2,2.0,11.0,32.6,13.1,77,Some College,Democrat,2
351,1,3.3,1.2,76.9,57.8,28,Some College,Strong Republican,7
351,2,1.8,0.3,78.5,54.0,28,Some College,Strong Republican,7
352,1,10.6,0.0,69.3,98.6,71,High School,Republican,7
352,2,8.6,0.5,67.1,93.9,71,High School,Republican,7
353,1,0.8,4.6,66.0,54.7,67,Some College,Independent,3
353,2,4.3,3.8,71.3,58.5,67,Some College,Independent,3
354,1,0.8,3.1,51.7,40.8,47,High School,Independent,9
354,2,0.5,3.1,51.8,44.6,47,High School,Independent,9
355,1,1.9,3.3,44.1,55.1,80,College,Independent,2
355,2,2.4,6.6,40.3,53.9,80,College,Independent,2
356,1,6.7,0.0,68.0,87.1,29,Some College,Republican,4
356,2,3.5,2.3,60.3,82.0,29,Some College,Republican,4
357,1,4.7,0.0,64.8,31.4,42,College,Independent,3
357,2,3.3,4.7,64.6,19.1,42,College,Independent,3
358,1,3.1,2.5,40.3,52.2,76,College,Independent,9
358,2,3.8,1.8,41.1,46.4,76,College,Independent,9
359,1,1.2,6.1,35.3,29.4,73,Some College,Democrat,9
359,2,3.6,2.6,38.1,31.8,73,Some College,Democrat,9
360,1,2.9,15.0,45.4,12.5,84,Some College,Democrat,1
360,2,0.7,14.8,44.8,16.0,84,Some College,Democrat,1
361,1,0.3,3.5,51.4,30.3,24,High School,Independent,1
361,2,2.9,0.0,58.9,43.8,24,High School,Independent,1
362,1,1.2,3.7,23.2,27.7,54,High School,Democrat,10
362,2,1.7,7.1,18.1,31.5,54,High School,Democrat,10
363,1,5.0,0.0,73.0,86.6,19,Some College,Strong Republican,6
363,2,8.0,0.0,76.8,87.0,19,Some College,Strong Republican,6
364,1,0.7,8.3,46.2,21.9,47,Graduate,Democrat,2
364,2,2.8,7.5,48.7,22.8,47,Graduate,Democrat,2
365,1,3.0,1.0,54.5,34.2,69,College,Independent,6
365,2,3.6,0.0,56.6,35.3,69,College,Independent,6
366,1,7.4,3.2,55.9,62.9,84,College,Independent,3
366,2,4.4,4.1,52.2,60.9,84,College,Independent,3
367,1,13.5,2.1,82.8,75.4,80,High School,Strong Republican,1
367,2,14.6,0.0,84.2,78.9,80,High School,Strong Republican,1
368,1,9.3,1.5,77.4,89.8,75,High School,Strong Republican,5
368,2,7.2,0.0,77.8,90.3,75,High School,Strong Republican,5
369,1,15.3,0.9,58.4,65.6,34,Some College,Strong Republican,7
369,2,11.1,2.1,54.4,62.8,34,Some College,Strong Republican,7
370,1,11.2,3.5,74.4,97.0,39,Some College,Strong Republican,8
370,2,11.6,0.0,77.9,99.7,39,Some College,Strong Republican,8
371,1,14.1,1.5,70.2,65.1,58,High School,Strong Republican,4
371,2,14.9,0.0,67.3,61.0,58,High School,Strong Republican,4
372,1,4.8,0.5,79.5,82.1,42,High School,Republican,8
372,2,4.3,1.0,82.1,83.9,42,High School,Republican,8
373,1,7.1,0.3,70.8,95.7,31,High School,Republican,2
373,2,5.2,0.2,69.7,98.8,31,High School,Republican,2
374,1,0.0,8.9,34.5,16.4,73,Some College,Strong Democrat,8
374,2,0.0,7.8,29.1,19.3,73,Some College,Strong Democrat,8
375,1,0.6,1.5,32.2,26.6,72,Some College,Independent,3
375,2,2.0,0.0,30.4,32.1,72,Some College,Independent,3
376,1,1.0,9.7,29.3,10.5,76,Graduate,Strong Democrat,2
376,2,5.3,8.5,33.4,19.1,76,Graduate,Strong Democrat,2
377,1,13.4,1.5,63.3,93.9,33,Some College,Strong Republican,10
377,2,14.4,0.0,61.8,96.4,33,Some College,Strong Republican,10
378,1,13.1,0.8,77.2,91.9,28,Some College,Strong Republican,5
378,2,12.1,0.0,75.5,95.3,28,Some College,Strong Republican,5
379,1,6.2,1.8,95.1,78.2,19,College,Republican,8
379,2,6.3,5.5,88.7,76.3,19,College,Republican,8
380,1,0.9,11.3,30.6,6.2,77,Some College,Democrat,4
380,2,3.7,12.0,32.2,18.1,77,Some College,Democrat,4
381,1,3.3,3.0,53.9,63.3,72,High School,Independent,8
381,2,3.1,1.4,53.9,58.0,72,High School,Independent,8
382,1,0.6,12.8,36.5,7.4,55,College,Strong Democrat,4
382,2,1.7,9.5,41.5,6.9,55,College,Strong Democrat,4
383,1,2.1,10.6,32.9,6.0,63,Graduate,Democrat,6
383,2,2.5,9.5,31.1,18.3,63,Graduate,Democrat,6
384,1,1.7,13.8,27.4,17.9,40,College,Strong Democrat,8
384,2,1.1,10.5,32.3,22.7,40,College,Strong Democrat,8
385,1,1.2,4.6,49.4,60.2,74,Some College,Independent,1
385,2,0.0,3.6,52.0,53.2,74,Some College,Independent,1
386,1,1.2,6.7,24.6,12.3,46,College,Strong Democrat,4
386,2,1.6,8.4,22.6,5.0,46,College,Strong Democrat,4
387,1,5.7,0.5,66.1,28.3,30,College,Independent,7
387,2,0.4,3.2,58.2,19.3,30,College,Independent,7
388,1,4.6,3.2,57.7,60.7,78,High School,Independent,5
388,2,7.3,5.8,58.6,57.4,78,High School,Independent,5
389,1,1.2,11.3,41.9,18.4,39,Some College,Strong Democrat,7
389,2,0.0,10.9,37.7,18.8,39,Some College,Strong Democrat,7
390,1,1.3,3.1,42.7,30.7,73,Graduate,Independent,5
390,2,0.9,1.0,47.8,34.8,73,Graduate,Independent,5
391,1,2.9,4.1,62.3,73.7,61,High School,Republican,5
391,2,5.6,3.2,65.3,69.7,61,High School,Republican,5
392,1,2.1,11.5,25.5,9.4,51,High School,Democrat,5
392,2,3.2,10.0,24.2,9.9,51,High School,Democrat,5
393,1,5.0,1.6,46.8,36.2,34,Graduate,Independent,7
393,2,5.5,5.4,46.7,37.9,34,Graduate,Independent,7
394,1,2.0,9.9,26.8,15.6,82,College,Strong Democrat,2
394,2,0.5,10.6,23.8,8.2,82,College,Strong Democrat,2
395,1,3.8,3.6,34.6,58.4,45,High School,Independent,6
395,2,7.8,4.2,40.3,56.9,45,High School,Independent,6
396,1,2.5,2.9,52.7,53.9,74,High School,Independent,7
396,2,1.0,2.6,51.3,54.9,74,High School,Independent,7
397,1,4.7,2.3,91.2,89.5,32,College,Strong Republican,1
397,2,7.3,2.8,97.8,91.8,32,College,Strong Republican,1
398,1,10.2,0.4,73.9,85.1,38,High School,Strong Republican,7
398,2,12.9,2.9,72.5,79.8,38,High School,Strong Republican,7
399,1,2.5,8.2,42.2,29.1,60,Graduate,Democrat,3
399,2,1.2,9.0,42.2,31.4,60,Graduate,Democrat,3
400,1,1.1,11.2,12.7,25.6,64,Graduate,Strong Democrat,7
400,2,0.0,11.5,10.6,21.9,64,Graduate,Strong Democrat,7
401,1,16.2,0.8,79.0,89.7,37,Graduate,Strong Republican,6
401,2,13.8,0.0,78.2,95.2,37,Graduate,Strong Republican,6
402,1,1.6,8.0,41.6,20.2,69,Graduate,Democrat,6
402,2,0.0,7.5,41.6,15.1,69,Graduate,Democrat,6
403,1,4.1,10.5,34.9,26.1,77,High School,Strong Democrat,5
403,2,0.2,12.7,33.1,31.8,77,High School,Strong Democrat,5
404,1,5.7,0.5,93.0,86.9,83,Some College,Republican,8
404,2,9.6,0.0,98.3,87.2,83,Some College,Republican,8
405,1,1.3,14.6,31.4,23.3,56,College,Democrat,1
405,2,3.7,14.6,33.0,24.5,56,College,Democrat,1
406,1,0.8,3.5,57.6,36.8,56,High School,Independent,5
406,2,0.0,1.6,61.7,41.2,56,High School,Independent,5
407,1,5.4,3.5,50.5,36.2,31,High School,Independent,6
407,2,3.1,6.9,50.5,32.1,31,High School,Independent,6
408,1,10.8,1.0,74.3,75.0,71,High School,Strong Republican,4
408,2,9.3,3.3,73.5,66.4,71,High School,Strong Republican,4
409,1,1.0,8.3,18.6,12.8,53,College,Strong Democrat,8
409,2,0.0,7.2,20.3,15.3,53,College,Strong Democrat,8
410,1,6.3,4.4,40.7,37.9,84,High School,Independent,3
410,2,7.5,3.4,41.9,41.0,84,High School,Independent,3
411,1,2.5,5.0,57.2,36.7,70,College,Independent,4
411,2,2.9,1.5,58.0,37.2,70,College,Independent,4
412,1,1.0,11.1,20.8,33.2,28,Graduate,Strong Democrat,6
412,2,1.0,13.3,19.0,35.3,28,Graduate,Strong Democrat,6
413,1,1.6,15.1,12.2,12.3,57,College,Strong Democrat,7
413,2,0.7,15.8,8.8,3.8,57,College,Strong Democrat,7
414,1,2.0,3.9,17.6,29.6,57,Some College,Democrat,10
414,2,4.2,5.5,16.2,30.5,57,Some College,Democrat,10
415,1,1.7,15.3,11.1,15.5,35,Some College,Strong Democrat,4
415,2,2.1,13.4,13.6,10.5,35,Some College,Strong Democrat,4
416,1,13.0,0.7,64.9,90.9,47,High School,Strong Republican,6
416,2,11.3,0.5,62.0,89.8,47,High School,Strong Republican,6
417,1,13.3,1.5,80.9,76.7,58,High School,Strong Republican,10
417,2,14.2,0.4,77.6,79.1,58,High School,Strong Republican,10
418,1,5.5,3.1,95.5,79.3,81,College,Republican,6
418,2,1.4,0.0,94.6,75.4,81,College,Republican,6
419,1,14.8,0.1,65.1,87.7,47,College,Republican,3
419,2,14.5,1.0,64.4,86.4,47,College,Republican,3
420,1,1.7,5.8,49.2,37.9,62,High School,Independent,9
420,2,5.0,8.7,49.3,40.9,62,High School,Independent,9
421,1,12.5,2.3,79.1,79.4,51,High School,Republican,3
421,2,13.5,2.1,74.4,78.1,51,High School,Republican,3
422,1,1.9,9.9,18.5,20.1,50,Some College,Democrat,10
422,2,3.3,10.2,17.9,17.8,50,Some College,Democrat,10
423,1,3.1,1.5,78.4,54.3,32,High School,Strong Republican,1
423,2,5.4,0.0,85.5,60.6,32,High School,Strong Republican,1
424,1,2.3,4.7,54.6,44.2,62,High School,Independent,9
424,2,4.5,2.1,57.7,48.8,62,High School,Independent,9
425,1,0.5,11.7,17.3,37.6,64,College,Strong Democrat,2
425,2,4.3,15.6,17.3,38.2,64,College,Strong Democrat,2
426,1,0.0,9.8,28.5,5.9,58,Graduate,Strong Democrat,3
426,2,2.2,13.1,29.0,2.1,58,Graduate,Strong Democrat,3
427,1,2.0,6.2,45.9,30.8,60,Graduate,Independent,9
427,2,0.0,7.0,39.1,33.3,60,Graduate,Independent,9
428,1,4.0,3.8,57.7,57.1,72,High School,Independent,4
428,2,0.0,3.7,60.8,45.5,72,High School,Independent,4
429,1,0.0,2.5,44.8,26.0,63,Some College,Independent,4
429,2,0.0,0.0,49.2,29.7,63,Some College,Independent,4
430,1,3.7,2.1,39.7,46.5,31,College,Independent,1
430,2,6.7,0.0,49.2,49.6,31,College,Independent,1
431,1,0.4,3.0,59.4,44.0,51,Graduate,Independent,8
431,2,2.9,1.7,62.7,38.5,51,Graduate,Independent,8
432,1,0.8,11.9,31.2,30.9,65,High School,Democrat,2
432,2,0.0,12.3,33.5,39.0,65,High School,Democrat,2
433,1,0.7,8.1,35.6,23.7,55,Some College,Democrat,10
433,2,1.3,6.0,39.7,27.9,55,Some College,Democrat,10
434,1,4.9,0.8,41.6,43.4,50,College,Independent,9
434,2,5.9,0.6,40.9,43.6,50,College,Independent,9
435,1,0.2,8.3,17.8,7.9,20,Some College,Strong Democrat,2
435,2,0.1,9.4,18.7,8.4,20,Some College,Strong Democrat,2
436,1,0.9,5.1,15.3,3.7,38,College,Democrat,3
436,2,0.5,4.3,14.8,0.0,38,College,Democrat,3
437,1,2.9,1.4,92.2,90.6,50,Some College,Republican,7
437,2,2.7,1.5,92.9,88.8,50,Some College,Republican,7
438,1,3.2,2.3,52.6,37.4,70,Some College,Independent,3
438,2,2.2,0.6,50.7,37.6,70,Some College,Independent,3
439,1,0.3,13.8,33.0,14.7,23,College,Democrat,3
439,2,2.7,12.4,33.9,19.0,23,College,Democrat,3
440,1,4.7,1.4,42.4,50.8,33,High School,Independent,3
440,2,2.0,0.5,35.5,50.5,33,High School,Independent,3
441,1,1.8,11.5,22.1,2.9,34,High School,Strong Democrat,2
441,2,1.5,15.6,19.1,0.0,34,High School,Strong Democrat,2
442,1,1.8,14.0,38.4,1.4,29,College,Strong Democrat,9
442,2,1.3,14.6,37.5,0.0,29,College,Strong Democrat,9
443,1,1.7,4.8,15.2,29.4,52,Some College,Democrat,8
443,2,2.4,2.3,18.3,23.9,52,Some College,Democrat,8
444,1,1.8,2.3,45.7,43.8,76,Some College,Independent,9
444,2,1.4,2.5,43.6,47.7,76,Some College,Independent,9
445,1,0.0,4.6,22.6,26.4,77,Graduate,Strong Democrat,6
445,2,5.9,7.3,25.4,30.6,77,Graduate,Strong Democrat,6
446,1,4.5,0.0,81.7,69.3,69,High School,Strong Republican,5
446,2,3.7,3.7,71.4,68.3,69,High School,Strong Republican,5
447,1,0.6,5.5,33.0,30.3,80,Some College,Strong Democrat,5
447,2,0.4,5.1,34.5,32.7,80,Some College,Strong Democrat,5
448,1,5.7,0.0,66.4,85.7,23,College,Republican,6
448,2,6.0,3.6,57.1,79.8,23,College,Republican,6
449,1,12.6,0.3,85.4,91.4,21,Some College,Strong Republican,10
449,2,4.9,0.4,80.0,85.9,21,Some College,Strong Republican,10
450,1,1.0,6.1,16.4,26.8,18,Some College,Democrat,6
450,2,2.7,6.3,21.0,29.6,18,Some College,Democrat,6
451,1,2.0,15.1,19.8,12.8,71,College,Strong Democrat,5
451,2,3.2,14.7,18.4,20.3,71,College,Strong Democrat,5
452,1,0.0,12.0,37.3,22.8,43,Graduate,Strong Democrat,8
452,2,0.0,12.8,34.7,17.5,43,Graduate,Strong Democrat,8
453,1,12.8,0.0,78.3,87.3,57,Some College,Republican,10
453,2,15.4,0.0,77.9,87.4,57,Some College,Republican,10
454,1,0.3,6.1,36.4,17.4,75,Graduate,Democrat,2
454,2,1.1,4.6,40.1,15.9,75,Graduate,Democrat,2
455,1,3.3,1.9,29.7,29.5,59,Some College,Independent,7
455,2,3.3,3.0,31.7,21.8,59,Some College,Independent,7
456,1,7.4,1.4,93.8,80.2,52,Graduate,Strong Republican,1
456,2,7.0,0.0,97.3,86.4,52,Graduate,Strong Republican,1
457,1,9.0,0.0,65.1,86.5,74,High School,Strong Republican,9
457,2,10.0,0.0,70.3,90.6,74,High School,Strong Republican,9
458,1,14.0,0.0,63.2,84.7,73,College,Republican,6
458,2,12.5,0.5,69.1,87.8,73,College,Republican,6
459,1,2.2,0.0,59.8,41.9,60,High School,Independent,10
459,2,2.9,0.0,63.2,42.0,60,High School,Independent,10
460,1,0.6,7.0,37.5,25.0,28,High School,Democrat,1
460,2,0.0,5.2,44.0,24.0,28,High School,Democrat,1
461,1,5.8,0.0,79.5,90.6,52,High School,Strong Republican,2
461,2,5.7,0.0,80.9,86.3,52,High School,Strong Republican,2
462,1,2.8,0.0,39.9,28.3,25,Some College,Independent,2
462,2,0.7,1.1,30.5,22.5,25,Some College,Independent,2
463,1,5.8,0.0,76.7,78.6,64,College,Republican,3
463,2,1.6,0.0,73.7,78.9,64,College,Republican,3
464,1,10.4,0.0,86.2,67.4,45,Some College,Strong Republican,5
464,2,7.7,3.6,82.1,60.9,45,Some College,Strong Republican,5
465,1,5.6,1.4,84.1,69.7,69,College,Republican,10
465,2,2.5,5.1,78.3,68.5,69,College,Republican,10
466,1,2.9,7.2,20.6,14.3,30,College,Democrat,2
466,2,0.0,7.0,18.5,10.9,30,College,Democrat,2
467,1,14.3,0.1,72.0,74.4,56,College,Strong Republican,5
467,2,14.4,0.0,76.9,80.7,56,College,Strong Republican,5
468,1,1.1,12.8,26.3,27.3,58,Some College,Democrat,7
468,2,0.2,8.2,28.9,26.7,58,Some College,Democrat,7
469,1,0.1,3.2,51.9,33.3,84,Some College,Independent,1
469,2,0.0,4.4,46.0,32.5,84,Some College,Independent,1
470,1,3.5,0.6,40.8,55.5,41,High School,Independent,9
470,2,5.8,2.8,41.6,59.7,41,High School,Independent,9
471,1,0.2,3.9,54.2,40.4,57,College,Independent,8
471,2,2.9,5.4,56.3,45.2,57,College,Independent,8
472,1,1.1,3.5,58.2,24.9,64,High School,Independent,7
472,2,2.8,0.8,64.5,28.3,64,High School,Independent,7
473,1,13.9,1.6,85.7,85.4,25,High School,Republican,8
473,2,11.1,3.1,84.2,77.7,25,High School,Republican,8
474,1,12.5,2.7,74.5,79.9,43,College,Strong Republican,8
474,2,14.8,3.9,69.8,75.5,43,College,Strong Republican,8
475,1,5.5,0.5,70.5,80.2,77,Some College,Strong Republican,2
475,2,1.5,0.0,67.4,81.2,77,Some College,Strong Republican,2
476,1,3.8,0.6,83.3,92.6,48,High School,Republican,1
476,2,5.8,1.1,83.2,88.4,48,High School,Republican,1
477,1,2.0,12.5,15.9,25.4,73,High School,Democrat,9
477,2,1.5,11.2,15.5,27.2,73,High School,Democrat,9
478,1,2.1,12.1,27.2,23.9,22,High School,Strong Democrat,10
478,2,0.0,14.0,21.7,22.0,22,High School,Strong Democrat,10
479,1,2.4,2.2,31.1,31.6,81,High School,Democrat,3
479,2,0.0,5.2,30.0,28.8,81,High School,Democrat,3
480,1,4.0,0.0,79.1,88.7,66,College,Strong Republican,10
480,2,4.7,0.0,78.3,90.4,66,College,Strong Republican,10
481,1,2.4,0.0,60.4,34.3,72,Some College,Independent,8
481,2,0.0,0.0,62.1,30.6,72,Some College,Independent,8
482,1,10.2,0.8,95.3,68.6,34,College,Republican,7
482,2,5.4,2.9,91.2,59.1,34,College,Republican,7
483,1,1.1,2.6,45.4,48.3,72,College,Independent,9
483,2,0.0,0.0,52.7,46.7,72,College,Independent,9
484,1,6.8,0.0,74.6,70.8,39,Some College,Republican,4
484,2,5.6,0.6,72.1,66.9,39,Some College,Republican,4
485,1,2.8,2.9,24.3,38.9,26,College,Independent,6
485,2,0.0,2.7,26.6,38.8,26,College,Independent,6
486,1,0.5,11.7,40.1,21.6,67,Graduate,Democrat,7
486,2,3.4,12.9,42.2,13.5,67,Graduate,Democrat,7
487,1,13.4,0.3,84.3,72.8,59,College,Republican,9
487,2,14.2,0.6,82.0,75.3,59,College,Republican,9
488,1,3.0,4.9,40.0,61.0,56,Graduate,Independent,5
488,2,5.5,2.9,47.1,70.0,56,Graduate,Independent,5
489,1,0.6,1.9,49.5,56.6,51,High School,Independent,7
489,2,0.0,2.8,49.9,54.3,51,High School,Independent,7
490,1,6.3,1.1,65.8,75.1,53,College,Republican,3
490,2,7.1,1.7,69.5,76.1,53,College,Republican,3
491,1,4.1,0.0,73.8,80.1,23,High School,Republican,1
491,2,3.8,1.3,74.3,80.7,23,High School,Republican,1
492,1,2.1,6.0,36.4,16.3,38,Some College,Democrat,7
492,2,2.7,7.4,42.1,17.1,38,Some College,Democrat,7
493,1,1.7,6.4,14.7,8.5,63,College,Strong Democrat,1
493,2,0.0,1.1,19.4,11.1,63,College,Strong Democrat,1
494,1,0.7,9.3,29.1,17.7,64,High School,Democrat,1
494,2,2.9,8.2,36.2,28.8,64,High School,Democrat,1
495,1,7.5,1.0,88.8,91.9,51,Graduate,Strong Republican,1
495,2,6.5,2.2,87.9,87.4,51,Graduate,Strong Republican,1
496,1,3.9,0.0,66.9,36.0,22,High School,Independent,2
496,2,4.6,0.0,67.0,36.5,22,High School,Independent,2
497,1,1.0,8.3,14.0,26.6,59,College,Democrat,4
497,2,2.9,10.5,17.8,26.1,59,College,Democrat,4
498,1,1.4,8.6,30.7,19.2,55,Some College,Strong Democrat,1
498,2,4.9,9.4,31.2,22.6,55,Some College,Strong Democrat,1
499,1,0.0,2.6,61.8,57.2,62,High School,Independent,10
499,2,0.0,6.2,63.3,55.7,62,High School,Independent,10
500,1,9.2,1.4,76.2,86.2,20,Some College,Strong Republican,1
500,2,9.7,4.8,77.6,88.4,20,Some College,Strong Republican,1
501,1,0.0,10.0,27.7,1.4,29,High School,Democrat,9
501,2,0.0,5.7,22.9,5.7,29,High School,Democrat,9
502,1,0.0,5.2,58.6,52.5,27,Graduate,Independent,1
502,2,1.7,8.0,58.1,52.6,27,Graduate,Independent,1
503,1,10.5,1.3,54.8,78.2,48,High School,Strong Republican,3
503,2,8.7,0.2,52.8,88.7,48,High School,Strong Republican,3
504,1,1.9,4.2,46.4,57.3,51,High School,Independent,5
504,2,2.9,5.4,46.6,60.1,51,High School,Independent,5
505,1,4.7,3.9,47.1,48.0,43,Some College,Independent,1
505,2,2.2,3.7,47.1,45.6,43,Some College,Independent,1
506,1,5.1,5.9,59.2,53.9,43,High School,Independent,3
506,2,4.7,1.8,60.9,51.5,43,High School,Independent,3
507,1,0.8,7.8,24.2,33.6,83,College,Democrat,5
507,2,2.0,6.0,31.1,32.5,83,College,Democrat,5
508,1,4.5,0.3,76.3,68.5,54,College,Republican,8
508,2,3.2,0.8,75.9,69.4,54,College,Republican,8
509,1,1.8,1.9,52.2,53.6,80,High School,Independent,8
509,2,0.0,1.2,50.8,60.5,80,High School,Independent,8
510,1,13.5,3.4,64.7,89.5,70,Some College,Strong Republican,10
510,2,12.9,2.0,66.0,88.7,70,Some College,Strong Republican,10
511,1,4.0,0.8,54.5,56.7,25,High School,Independent,10
511,2,3.8,0.0,57.5,63.7,25,High School,Independent,10
512,1,0.5,11.2,27.2,14.3,40,Some College,Strong Democrat,10
512,2,0.0,8.0,29.0,15.5,40,Some College,Strong Democrat,10
513,1,0.5,2.8,53.8,46.8,70,High School,Independent,5
513,2,1.5,3.2,55.1,39.0,70,High School,Independent,5
514,1,0.0,10.4,26.2,22.3,21,Some College,Strong Democrat,1
514,2,0.9,5.6,27.6,25.0,21,Some College,Strong Democrat,1
515,1,4.9,2.6,45.9,49.1,83,High School,Independent,4
515,2,0.0,3.4,47.2,47.9,83,High School,Independent,4
516,1,0.0,2.7,28.6,21.5,23,College,Democrat,10
516,2,0.0,0.0,30.6,26.6,23,College,Democrat,10
517,1,5.8,1.7,64.5,75.8,30,High School,Strong Republican,2
517,2,6.2,3.0,63.0,79.2,30,High School,Strong Republican,2
518,1,1.3,4.2,43.4,46.5,78,High School,Independent,1
518,2,0.0,3.1,45.6,51.8,78,High School,Independent,1
519,1,1.4,13.4,18.7,29.1,71,College,Strong Democrat,3
519,2,2.2,12.4,17.6,35.4,71,College,Strong Democrat,3
520,1,3.3,1.2,37.7,27.5,51,Some College,Independent,7
520,2,3.5,0.4,38.7,25.2,51,Some College,Independent,7
521,1,5.6,0.1,70.4,68.6,77,Graduate,Strong Republican,3
521,2,7.1,1.8,69.0,66.2,77,Graduate,Strong Republican,3
522,1,2.0,0.0,48.9,48.2,58,High School,Independent,7
522,2,3.8,1.9,53.7,48.4,58,High School,Independent,7
523,1,1.2,6.0,26.3,5.8,54,Some College,Democrat,10
523,2,2.3,4.2,31.1,5.1,54,Some College,Democrat,10
524,1,2.1,6.8,34.7,10.3,38,College,Strong Democrat,3
524,2,0.0,8.1,30.0,0.6,38,College,Strong Democrat,3
525,1,1.6,11.1,34.7,5.9,76,College,Strong Democrat,4
525,2,0.0,11.8,39.3,6.7,76,College,Strong Democrat,4
526,1,1.4,11.9,41.8,20.7,34,College,Strong Democrat,1
526,2,2.8,10.9,48.2,22.2,34,College,Strong Democrat,1
527,1,7.8,1.8,88.0,76.1,42,Graduate,Strong Republican,6
527,2,8.4,0.1,90.2,79.5,42,Graduate,Strong Republican,6
528,1,5.6,4.3,50.5,38.7,18,Graduate,Independent,7
528,2,7.4,4.7,51.0,36.3,18,Graduate,Independent,7
529,1,3.3,11.9,31.2,32.5,50,College,Democrat,1
529,2,1.2,12.0,30.9,26.0,50,College,Democrat,1
530,1,3.2,4.2,59.3,37.6,67,Some College,Independent,5
530,2,5.7,5.5,59.4,42.4,67,Some College,Independent,5
531,1,1.0,5.4,49.1,40.5,29,Some College,Independent,10
531,2,5.3,6.6,49.2,40.4,29,Some College,Independent,10
532,1,3.5,1.7,52.3,40.7,44,College,Independent,8
532,2,2.0,0.0,52.1,41.1,44,College,Independent,8
533,1,2.3,10.6,12.5,14.3,33,High School,Democrat,2
533,2,0.6,10.3,17.7,7.6,33,High School,Democrat,2
534,1,2.5,8.8,26.7,18.8,49,Some College,Democrat,8
534,2,1.7,10.1,24.1,15.8,49,Some College,Democrat,8
535,1,13.6,0.0,89.4,68.9,59,Some College,Republican,7
535,2,12.5,0.3,87.9,63.2,59,Some College,Republican,7
536,1,0.0,11.1,16.2,9.5,66,Some College,Strong Democrat,6
536,2,0.8,15.0,16.4,9.8,66,Some College,Strong Democrat,6
537,1,2.9,3.4,31.2,39.9,50,College,Democrat,1
537,2,0.0,7.7,29.0,31.2,50,College,Democrat,1
538,1,8.9,0.0,57.3,77.9,75,Some College,Republican,2
538,2,8.3,0.0,53.2,79.6,75,Some College,Republican,2
539,1,11.4,1.3,95.2,91.7,28,Graduate,Strong Republican,8
539,2,7.9,2.5,92.2,94.0,28,Graduate,Strong Republican,8
540,1,6.5,0.0,99.1,61.3,66,High School,Republican,1
540,2,6.4,1.7,100.0,60.5,66,High School,Republican,1
541,1,2.4,12.6,12.6,11.5,81,High School,Strong Democrat,8
541,2,1.1,12.1,15.4,8.8,81,High School,Strong Democrat,8
542,1,2.4,6.8,30.0,19.5,61,College,Democrat,9
542,2,0.9,7.4,27.6,13.5,61,College,Democrat,9
543,1,0.0,4.2,35.3,54.2,48,College,Independent,10
543,2,0.4,6.2,33.4,54.7,48,College,Independent,10
544,1,1.8,4.8,8.8,36.0,72,Some College,Democrat,2
544,2,3.6,9.1,11.4,28.9,72,Some College,Democrat,2
545,1,2.9,3.9,42.1,63.2,63,High School,Independent,7
545,2,1.0,6.6,33.7,61.1,63,High School,Independent,7
546,1,1.3,11.1,24.0,23.4,67,High School,Strong Democrat,2
546,2,0.4,12.6,25.2,11.0,67,High School,Strong Democrat,2
547,1,5.6,0.6,51.3,47.6,72,Graduate,Independent,7
547,2,1.3,5.9,42.3,39.0,72,Graduate,Independent,7
548,1,5.8,3.2,71.0,73.1,28,High School,Strong Republican,9
548,2,3.7,4.5,71.3,85.1,28,High School,Strong Republican,9
549,1,0.2,14.9,32.9,14.7,75,High School,Democrat,5
549,2,4.7,18.8,38.2,10.1,75,High School,Democrat,5
550,1,3.6,12.2,34.3,19.1,63,High School,Strong Democrat,1
550,2,4.0,7.6,40.6,21.6,63,High School,Strong Democrat,1
551,1,5.0,4.6,48.9,40.6,68,High School,Independent,8
551,2,5.2,4.7,45.9,38.4,68,High School,Independent,8
552,1,3.6,2.8,57.1,37.0,59,High School,Independent,5
552,2,3.5,4.1,57.8,37.8,59,High School,Independent,5
553,1,15.3,0.0,68.5,64.8,34,Some College,Strong Republican,4
553,2,16.6,1.3,67.1,59.9,34,Some College,Strong Republican,4
554,1,1.4,2.3,24.1,4.3,77,Some College,Strong Democrat,9
554,2,1.4,2.6,22.2,0.0,77,Some College,Strong Democrat,9
555,1,1.5,5.0,54.3,47.3,81,High School,Independent,1
555,2,1.8,8.3,49.5,42.6,81,High School,Independent,1
556,1,8.4,0.0,88.5,92.6,20,College,Republican,5
556,2,7.0,0.0,88.2,92.9,20,College,Republican,5
557,1,4.0,0.3,66.6,81.9,69,High School,Strong Republican,6
557,2,4.1,3.8,62.8,80.3,69,High School,Strong Republican,6
558,1,1.5,6.2,30.0,28.0,80,College,Strong Democrat,4
558,2,0.0,6.0,22.7,21.9,80,College,Strong Democrat,4
559,1,0.6,12.2,14.7,14.1,18,Graduate,Democrat,3
559,2,0.0,11.1,14.2,19.4,18,Graduate,Democrat,3
560,1,0.0,12.9,18.9,7.8,50,Some College,Democrat,6
560,2,5.8,16.6,21.6,6.8,50,Some College,Democrat,6
561,1,0.8,5.5,17.6,20.4,18,College,Democrat,4
561,2,1.8,4.2,25.3,21.4,18,College,Democrat,4
562,1,2.0,1.8,52.7,41.7,76,Graduate,Independent,9
562,2,4.6,0.4,57.7,42.7,76,Graduate,Independent,9
563,1,2.2,8.0,11.4,11.7,54,High School,Strong Democrat,2
563,2,5.2,8.4,19.7,12.7,54,High School,Strong Democrat,2
564,1,13.1,2.7,53.2,61.4,38,College,Republican,2
564,2,13.5,1.4,56.7,58.6,38,College,Republican,2
565,1,2.9,0.0,70.8,48.3,24,High School,Independent,9
565,2,3.2,0.8,66.9,42.3,24,High School,Independent,9
566,1,3.9,0.0,64.2,65.9,77,College,Strong Republican,9
566,2,3.9,0.0,59.4,62.9,77,College,Strong Republican,9
567,1,5.4,3.6,63.7,38.5,80,Graduate,Independent,4
567,2,4.5,2.8,64.4,39.1,80,Graduate,Independent,4
568,1,8.7,0.7,96.3,73.4,63,College,Republican,5
568,2,8.3,0.2,93.4,75.7,63,College,Republican,5
569,1,8.8,0.3,86.6,67.6,29,Some College,Strong Republican,1
569,2,10.3,0.0,92.9,69.8,29,Some College,Strong Republican,1
570,1,3.1,0.6,77.8,74.7,53,College,Republican,6
570,2,4.1,0.0,73.4,81.1,53,College,Republican,6
571,1,5.1,1.7,50.2,42.0,71,Graduate,Independent,1
571,2,2.6,0.0,51.6,47.6,71,Graduate,Independent,1
572,1,12.2,1.0,66.0,83.1,47,High School,Strong Republican,5
572,2,13.0,5.3,62.6,73.8,47,High School,Strong Republican,5
573,1,2.0,0.4,56.9,50.4,40,Some College,Independent,7
573,2,0.9,0.0,54.2,60.0,40,Some College,Independent,7
574,1,0.0,14.8,25.9,6.7,31,College,Democrat,10
574,2,3.7,11.6,31.2,6.1,31,College,Democrat,10
575,1,4.4,1.6,58.5,45.8,64,Graduate,Independent,7
575,2,3.9,2.0,58.4,44.4,64,Graduate,Independent,7
576,1,0.0,11.1,9.6,14.1,84,Graduate,Strong Democrat,10
576,2,1.5,8.2,18.2,24.6,84,Graduate,Strong Democrat,10
577,1,8.8,2.4,68.3,65.7,40,Some College,Strong Republican,6
577,2,8.4,0.0,68.8,71.3,40,Some College,Strong Republican,6
578,1,1.8,2.0,58.1,33.8,49,Some College,Independent,3
578,2,1.3,2.4,56.7,41.5,49,Some College,Independent,3
579,1,2.6,3.4,14.7,23.8,48,Some College,Democrat,1
579,2,2.5,1.6,17.8,18.6,48,Some College,Democrat,1
580,1,13.1,1.8,88.7,69.6,69,High School,Strong Republican,3
580,2,8.2,2.7,84.5,60.8,69,High School,Strong Republican,3
581,1,3.5,0.0,65.8,92.2,65,Some College,Republican,7
581,2,4.3,4.0,66.1,95.6,65,Some College,Republican,7
582,1,12.5,4.2,68.7,88.2,49,High School,Republican,7
582,2,14.5,1.6,66.0,96.1,49,High School,Republican,7
583,1,0.0,5.1,60.0,39.9,73,College,Independent,3
583,2,0.0,8.1,61.2,33.8,73,College,Independent,3
584,1,7.0,2.3,77.0,90.8,49,College,Strong Republican,8
584,2,8.9,2.0,80.5,92.8,49,College,Strong Republican,8
585,1,6.2,0.3,80.0,62.8,43,Some College,Strong Republican,8
585,2,9.1,2.9,78.8,70.4,43,Some College,Strong Republican,8
586,1,15.0,0.2,84.5,71.1,22,College,Strong Republican,6
586,2,11.1,0.2,79.7,68.7,22,College,Strong Republican,6
587,1,0.3,2.5,29.4,59.7,34,High School,Independent,10
587,2,0.0,1.8,30.1,60.9,34,High School,Independent,10
588,1,12.8,0.8,86.7,76.2,82,College,Strong Republican,9
588,2,14.8,2.1,91.0,75.2,82,College,Strong Republican,9
589,1,0.0,12.2,29.9,28.2,51,College,Democrat,9
589,2,0.1,12.3,30.4,30.4,51,College,Democrat,9
590,1,11.5,3.1,70.1,62.1,42,High School,Republican,6
590,2,11.7,2.8,65.9,60.7,42,High School,Republican,6
591,1,2.0,1.7,38.3,42.9,59,High School,Independent,8
591,2,3.3,6.1,40.2,43.5,59,High School,Independent,8
592,1,6.4,0.0,62.5,54.2,69,College,Independent,9
592,2,6.9,3.7,59.6,57.1,69,College,Independent,9
593,1,4.0,6.8,58.2,59.5,41,Graduate,Independent,7
593,2,3.3,1.8,60.3,66.0,41,Graduate,Independent,7
594,1,2.4,4.9,57.2,52.6,46,Some College,Independent,2
594,2,3.1,2.1,59.1,58.8,46,Some College,Independent,2
595,1,0.0,3.7,35.1,15.4,19,College,Strong Democrat,8
595,2,0.9,3.4,39.9,16.5,19,College,Strong Democrat,8
596,1,10.7,1.0,85.7,82.4,27,Some College,Republican,1
596,2,7.3,1.3,85.0,75.6,27,Some College,Republican,1
597,1,5.7,1.7,62.8,49.9,63,High School,Independent,7
597,2,4.1,1.9,62.6,57.9,63,High School,Independent,7
598,1,3.5,0.9,63.2,51.7,47,Some College,Independent,9
598,2,2.3,1.0,66.6,52.2,47,Some College,Independent,9
599,1,7.6,2.6,64.2,62.7,81,College,Republican,1
599,2,7.4,2.2,65.5,64.7,81,College,Republican,1
600,1,0.0,4.0,35.0,21.8,49,Some College,Democrat,6
600,2,3.9,6.2,34.4,26.3,49,Some College,Democrat,6
601,1,7.8,1.5,71.8,98.2,67,Some College,Strong Republican,9
601,2,2.0,0.0,68.2,96.7,67,Some College,Strong Republican,9
602,1,1.7,8.6,33.2,28.2,31,Some College,Democrat,4
602,2,4.7,11.3,34.3,24.0,31,Some College,Democrat,4
603,1,4.6,0.0,76.7,65.7,61,High School,Republican,7
603,2,3.7,0.0,73.2,66.6,61,High School,Republican,7
604,1,1.1,10.2,10.9,20.3,76,High School,Democrat,2
604,2,0.0,7.9,9.2,14.1,76,High School,Democrat,2
605,1,2.3,1.1,46.7,30.8,32,Some College,Independent,3
605,2,5.6,0.6,49.3,34.0,32,Some College,Independent,3
606,1,1.1,5.3,16.6,15.5,25,High School,Strong Democrat,10
606,2,3.7,2.0,26.6,17.7,25,High School,Strong Democrat,10
607,1,9.6,0.7,71.9,82.4,18,High School,Republican,10
607,2,4.3,0.9,65.8,80.0,18,High School,Republican,10
608,1,8.8,0.2,67.9,85.1,29,High School,Republican,4
608,2,14.8,0.5,75.4,94.0,29,High School,Republican,4
609,1,0.0,2.5,28.4,15.5,48,High School,Strong Democrat,8
609,2,0.0,4.3,24.6,14.9,48,High School,Strong Democrat,8
610,1,10.0,0.8,70.2,66.6,71,College,Republican,6
610,2,14.5,1.7,72.2,67.9,71,College,Republican,6
611,1,5.9,0.5,66.7,65.6,25,College,Republican,6
611,2,8.1,2.2,66.5,66.9,25,College,Republican,6
612,1,7.3,2.2,60.5,87.0,54,Graduate,Strong Republican,4
612,2,5.9,0.0,57.7,82.0,54,Graduate,Strong Republican,4
613,1,15.0,0.7,71.7,64.1,49,High School,Republican,1
613,2,15.6,1.9,72.9,68.6,49,High School,Republican,1
614,1,2.9,2.8,39.6,46.5,82,High School,Independent,8
614,2,2.8,0.0,40.0,45.2,82,High School,Independent,8
615,1,2.3,4.5,63.0,47.9,76,High School,Independent,10
615,2,2.0,2.8,58.2,48.9,76,High School,Independent,10
616,1,2.4,2.1,39.5,36.1,68,Some College,Independent,7
616,2,2.4,1.7,40.9,38.4,68,Some College,Independent,7
617,1,6.7,1.3,84.6,83.0,21,College,Republican,5
617,2,7.5,0.0,88.9,87.2,21,College,Republican,5
618,1,11.1,1.9,66.1,79.8,40,Graduate,Republican,3
618,2,9.7,2.8,66.6,73.8,40,Graduate,Republican,3
619,1,3.9,0.6,76.5,68.0,37,High School,Strong Republican,6
619,2,7.6,0.8,77.1,75.3,37,High School,Strong Republican,6
620,1,2.9,3.6,46.7,40.5,71,High School,Independent,6
620,2,5.5,2.1,56.9,42.0,71,High School,Independent,6
621,1,2.1,9.6,29.7,8.0,57,High School,Strong Democrat,6
621,2,4.4,12.9,36.3,8.4,57,High School,Strong Democrat,6
622,1,3.4,1.5,78.8,86.7,39,College,Republican,9
622,2,3.0,1.4,75.9,87.4,39,College,Republican,9
623,1,0.0,8.0,24.7,26.6,42,College,Strong Democrat,8
623,2,0.5,6.0,27.4,30.2,42,College,Strong Democrat,8
624,1,1.9,0.4,71.3,68.9,38,College,Republican,2
624,2,4.9,0.0,69.4,68.6,38,College,Republican,2
625,1,0.0,0.8,54.7,40.7,31,College,Independent,7
625,2,0.0,2.9,47.5,46.3,31,College,Independent,7
626,1,15.6,1.0,69.3,99.9,29,Some College,Strong Republican,5
626,2,14.3,0.0,67.9,100.0,29,Some College,Strong Republican,5
627,1,3.1,2.8,17.5,14.1,73,Some College,Strong Democrat,3
627,2,0.0,4.6,9.1,9.5,73,Some College,Strong Democrat,3
628,1,2.4,4.5,42.6,51.7,77,High School,Independent,4
628,2,2.9,6.7,41.8,50.3,77,High School,Independent,4
629,1,7.2,1.2,73.6,66.7,84,Some College,Strong Republican,2
629,2,4.9,0.0,70.4,67.5,84,Some College,Strong Republican,2
630,1,8.0,0.7,76.9,93.5,70,High School,Republican,10
630,2,8.8,1.8,77.1,94.1,70,High School,Republican,10
631,1,0.6,2.3,40.1,37.1,78,College,Independent,4
631,2,5.6,0.0,47.8,35.9,78,College,Independent,4
632,1,1.2,6.5,24.1,4.4,19,College,Strong Democrat,10
632,2,5.1,8.9,28.1,7.4,19,College,Strong Democrat,10
633,1,5.1,1.3,34.4,38.4,57,College,Independent,3
633,2,0.5,4.5,27.3,33.0,57,College,Independent,3
634,1,1.9,3.3,61.7,69.8,28,Graduate,Republican,8
634,2,0.0,0.1,65.3,68.4,28,Graduate,Republican,8
635,1,5.1,1.8,77.5,72.4,37,College,Republican,2
635,2,5.0,1.9,76.1,77.0,37,College,Republican,2
636,1,0.1,10.6,23.3,21.7,81,College,Strong Democrat,7
636,2,1.7,14.3,22.2,18.8,81,College,Strong Democrat,7
637,1,1.6,13.2,8.0,6.3,27,College,Democrat,9
637,2,4.2,11.8,15.7,9.1,27,College,Democrat,9
638,1,1.5,4.9,25.8,19.9,27,College,Strong Democrat,5
638,2,0.3,0.4,29.9,25.0,27,College,Strong Democrat,5
639,1,1.1,6.1,26.9,14.2,19,College,Strong Democrat,9
639,2,0.0,9.0,29.6,16.0,19,College,Strong Democrat,9
640,1,3.5,12.4,10.0,15.5,61,Some College,Democrat,3
640,2,3.8,12.8,13.1,20.6,61,Some College,Democrat,3
641,1,0.0,5.1,44.1,30.3,33,Graduate,Independent,1
641,2,0.0,4.6,45.3,32.0,33,Graduate,Independent,1
642,1,1.7,7.4,40.4,16.6,66,Some College,Strong Democrat,9
642,2,1.6,8.8,40.6,14.5,66,Some College,Strong Democrat,9
643,1,9.5,0.9,89.7,74.6,67,High School,Strong Republican,2
643,2,9.8,0.2,88.4,74.8,67,High School,Strong Republican,2
644,1,3.8,1.9,59.5,67.1,37,High School,Strong Republican,2
644,2,6.9,1.6,56.2,78.4,37,High School,Strong Republican,2
645,1,12.2,0.3,80.2,73.8,37,Some College,Republican,4
645,2,13.0,2.8,77.0,78.0,37,Some College,Republican,4
646,1,0.8,8.7,41.5,5.8,21,High School,Democrat,5
646,2,1.2,8.8,40.8,3.2,21,High School,Democrat,5
647,1,0.5,0.9,44.2,56.4,67,College,Independent,1
647,2,2.9,1.9,43.7,59.5,67,College,Independent,1
648,1,5.2,2.6,91.0,90.9,51,High School,Republican,5
648,2,9.0,3.8,97.5,98.3,51,High School,Republican,5
649,1,4.0,3.3,42.5,37.9,43,Some College,Independent,3
649,2,4.8,0.0,47.3,44.5,43,Some College,Independent,3
650,1,13.2,1.4,88.5,67.8,81,Some College,Strong Republican,9
650,2,13.6,1.8,92.0,67.3,81,Some College,Strong Republican,9
651,1,5.6,1.0,51.3,35.5,57,Some College,Independent,7
651,2,2.9,0.0,51.2,32.5,57,Some College,Independent,7
652,1,1.6,9.0,14.0,32.1,25,High School,Strong Democrat,1
652,2,2.4,12.0,20.3,35.9,25,High School,Strong Democrat,1
653,1,0.9,1.1,52.8,29.4,39,High School,Independent,1
653,2,1.1,3.3,52.9,22.0,39,High School,Independent,1
654,1,4.8,3.1,44.0,65.7,41,Some College,Independent,3
654,2,4.4,3.9,44.0,68.1,41,Some College,Independent,3
655,1,11.9,1.6,90.6,69.8,26,Some College,Strong Republican,1
655,2,12.6,0.0,88.8,75.2,26,Some College,Strong Republican,1
656,1,5.3,1.4,71.1,73.5,39,Some College,Republican,8
656,2,7.5,0.1,69.4,74.6,39,Some College,Republican,8
657,1,8.5,0.0,64.1,95.4,74,Some College,Republican,8
657,2,9.4,2.9,64.3,92.1,74,Some College,Republican,8
658,1,5.3,2.8,83.2,85.8,64,College,Strong Republican,6
658,2,4.2,0.0,80.6,87.1,64,College,Strong Republican,6
659,1,5.5,0.0,44.1,41.4,21,High School,Independent,8
659,2,4.1,1.1,40.3,44.8,21,High School,Independent,8
660,1,3.0,6.3,50.8,43.1,81,College,Independent,3
660,2,2.6,4.8,52.4,44.6,81,College,Independent,3
661,1,3.7,3.4,43.1,54.6,36,Some College,Independent,9
661,2,5.6,8.7,41.0,56.9,36,Some College,Independent,9
662,1,2.7,11.4,28.4,8.1,49,Some College,Strong Democrat,6
662,2,0.4,12.9,24.9,9.3,49,Some College,Strong Democrat,6
663,1,3.1,0.4,56.1,59.9,64,Some College,Independent,7
663,2,4.8,3.3,57.8,63.3,64,Some College,Independent,7
664,1,2.4,0.0,51.3,59.5,44,College,Independent,5
664,2,3.7,1.2,52.4,52.4,44,College,Independent,5
665,1,6.1,2.7,69.8,94.2,58,College,Strong Republican,4
665,2,5.5,2.2,65.0,97.8,58,College,Strong Republican,4
666,1,2.5,1.7,44.9,47.9,77,High School,Independent,8
666,2,5.1,1.8,46.6,50.4,77,High School,Independent,8
667,1,5.8,2.3,85.7,97.4,33,College,Strong Republican,2
667,2,3.0,3.4,86.6,89.1,33,College,Strong Republican,2
668,1,4.2,0.5,89.9,76.5,55,Graduate,Strong Republican,1
668,2,4.9,0.0,93.9,77.5,55,Graduate,Strong Republican,1
669,1,4.8,1.1,34.4,42.1,23,College,Independent,9
669,2,1.2,3.0,27.6,36.2,23,College,Independent,9
670,1,10.7,1.0,84.6,62.7,49,Some College,Strong Republican,6
670,2,9.2,1.6,84.3,59.3,49,Some College,Strong Republican,6
671,1,2.4,13.2,33.8,17.1,27,High School,Strong Democrat,8
671,2,1.2,17.2,36.8,13.5,27,High School,Strong Democrat,8
672,1,15.2,0.0,84.7,67.6,22,College,Strong Republican,5
672,2,13.9,1.8,86.9,69.3,22,College,Strong Republican,5
673,1,4.1,0.3,46.6,51.1,46,College,Independent,10
673,2,4.7,0.0,49.7,49.1,46,College,Independent,10
674,1,12.7,0.5,69.9,79.2,72,Graduate,Strong Republican,2
674,2,15.4,2.4,76.9,69.5,72,Graduate,Strong Republican,2
675,1,4.4,5.4,13.3,14.4,56,College,Strong Democrat,5
675,2,1.2,5.3,13.3,10.1,56,College,Strong Democrat,5
676,1,2.1,13.7,14.6,7.7,58,High School,Strong Democrat,10
676,2,0.0,16.0,8.6,5.7,58,High School,Strong Democrat,10
677,1,1.2,9.8,40.9,28.1,66,Some College,Strong Democrat,9
677,2,2.6,10.3,37.2,29.5,66,Some College,Strong Democrat,9
678,1,4.4,2.1,67.2,73.7,59,Graduate,Republican,10
678,2,3.0,0.4,70.3,74.2,59,Graduate,Republican,10
679,1,0.0,4.9,11.8,7.1,44,College,Strong Democrat,2
679,2,0.0,5.3,9.1,1.6,44,College,Strong Democrat,2
680,1,5.0,2.7,63.4,77.0,52,College,Republican,6
680,2,3.7,2.2,61.6,77.6,52,College,Republican,6
681,1,3.0,2.1,53.6,26.3,47,High School,Independent,4
681,2,6.2,0.0,52.7,32.3,47,High School,Independent,4
682,1,1.0,9.7,35.0,6.3,37,High School,Democrat,1
682,2,2.9,9.0,39.2,6.8,37,High School,Democrat,1
683,1,8.2,0.0,75.9,88.3,68,College,Strong Republican,3
683,2,6.0,0.9,69.9,96.1,68,College,Strong Republican,3
684,1,3.4,0.9,47.4,42.2,48,High School,Independent,9
684,2,4.1,3.9,41.6,38.7,48,High School,Independent,9
685,1,4.5,1.2,68.5,77.9,27,Graduate,Strong Republican,8
685,2,3.6,3.1,66.1,79.4,27,Graduate,Strong Republican,8
686,1,1.0,5.9,34.4,24.9,25,Some College,Strong Democrat,4
686,2,2.3,5.6,32.5,26.5,25,Some College,Strong Democrat,4
687,1,3.3,3.1,57.0,30.8,82,High School,Independent,3
687,2,7.2,2.5,62.6,34.6,82,High School,Independent,3
688,1,0.0,9.8,30.9,19.2,38,Graduate,Strong Democrat,10
688,2,0.0,8.6,35.9,21.3,38,Graduate,Strong Democrat,10
689,1,3.5,0.6,34.9,44.0,77,Some College,Independent,9
689,2,1.9,3.0,29.9,37.6,77,Some College,Independent,9
690,1,1.2,5.8,42.3,7.5,75,Some College,Democrat,10
690,2,0.1,6.5,36.5,5.2,75,Some College,Democrat,10
691,1,5.5,0.7,68.7,77.5,77,College,Republican,7
691,2,1.6,0.8,64.9,82.7,77,College,Republican,7
692,1,1.6,0.0,67.8,55.2,27,Graduate,Independent,7
692,2,1.2,0.0,71.7,52.2,27,Graduate,Independent,7
693,1,1.3,0.0,92.8,74.9,43,Graduate,Republican,6
693,2,2.1,0.0,96.5,78.2,43,Graduate,Republican,6
694,1,0.0,12.3,26.4,22.5,67,Graduate,Democrat,6
694,2,3.0,5.4,34.2,25.2,67,Graduate,Democrat,6
695,1,1.2,4.9,38.4,35.7,56,College,Strong Democrat,9
695,2,0.0,8.2,36.0,33.2,56,College,Strong Democrat,9
696,1,4.9,0.5,49.8,48.5,71,Some College,Independent,3
696,2,5.9,2.3,44.7,52.5,71,Some College,Independent,3
697,1,3.2,12.1,15.5,26.6,71,College,Democrat,6
697,2,1.0,10.7,15.9,28.0,71,College,Democrat,6
698,1,4.5,0.5,69.6,93.5,57,College,Republican,6
698,2,0.0,1.2,66.3,93.1,57,College,Republican,6
699,1,8.4,1.6,82.6,96.3,27,High School,Strong Republican,5
699,2,8.9,2.7,87.4,92.5,27,High School,Strong Republican,5
700,1,3.0,4.5,32.3,27.6,67,College,Strong Democrat,5
700,2,1.2,6.4,28.2,23.5,67,College,Strong Democrat,5
701,1,3.7,3.4,46.0,44.5,67,Some College,Independent,4
701,2,3.5,1.0,46.2,51.0,67,Some College,Independent,4
702,1,8.6,0.0,84.5,74.7,82,High School,Strong Republican,10
702,2,8.5,0.2,84.6,73.7,82,High School,Strong Republican,10
703,1,2.1,12.8,37.8,8.3,32,Graduate,Democrat,4
703,2,0.0,15.1,37.7,1.0,32,Graduate,Democrat,4
704,1,3.0,5.9,45.0,53.1,54,College,Independent,5
704,2,6.1,0.9,49.4,55.8,54,College,Independent,5
705,1,2.8,12.6,18.3,27.0,22,High School,Strong Democrat,10
705,2,2.1,11.2,13.4,26.5,22,High School,Strong Democrat,10
706,1,12.6,0.6,90.2,90.2,40,Some College,Strong Republican,10
706,2,14.7,2.5,89.6,91.9,40,Some College,Strong Republican,10
707,1,1.9,6.2,38.7,3.4,50,Some College,Strong Democrat,6
707,2,1.8,4.5,37.8,3.7,50,Some College,Strong Democrat,6
708,1,0.9,4.5,38.1,43.9,83,Graduate,Independent,2
708,2,3.8,3.4,44.0,42.6,83,Graduate,Independent,2
709,1,13.9,2.1,59.3,90.3,43,High School,Strong Republican,2
709,2,14.9,1.1,57.9,96.7,43,High School,Strong Republican,2
710,1,4.0,2.8,66.0,71.5,79,Some College,Strong Republican,8
710,2,2.1,0.0,67.0,70.7,79,Some College,Strong Republican,8
711,1,1.6,9.9,15.6,12.3,29,High School,Democrat,10
711,2,0.0,12.4,15.9,5.2,29,High School,Democrat,10
712,1,1.7,5.3,60.5,47.5,45,High School,Independent,4
712,2,0.0,0.7,60.5,51.2,45,High School,Independent,4
713,1,0.5,11.5,17.4,9.0,79,College,Strong Democrat,3
713,2,2.5,14.1,17.6,13.4,79,College,Strong Democrat,3
714,1,13.6,2.2,64.6,68.8,31,Some College,Strong Republican,3
714,2,13.3,0.0,62.7,66.1,31,Some College,Strong Republican,3
715,1,15.0,0.5,58.4,63.0,60,Some College,Republican,2
715,2,13.6,2.0,55.3,67.5,60,Some College,Republican,2
716,1,5.7,0.0,76.0,93.3,54,High School,Republican,4
716,2,1.3,0.8,69.8,85.4,54,High School,Republican,4
717,1,7.0,2.3,67.3,78.5,27,Some College,Strong Republican,7
717,2,9.8,2.4,66.8,79.5,27,Some College,Strong Republican,7
718,1,1.3,9.9,24.4,19.5,32,College,Strong Democrat,6
718,2,0.0,11.0,18.9,17.2,32,College,Strong Democrat,6
719,1,13.7,2.6,65.0,90.6,64,Some College,Republican,1
719,2,14.9,0.0,66.3,91.5,64,Some College,Republican,1
720,1,14.8,1.6,90.7,78.0,23,Graduate,Strong Republican,8
720,2,11.9,2.0,89.8,75.7,23,Graduate,Strong Republican,8
721,1,3.9,3.3,61.4,47.4,47,College,Independent,7
721,2,6.4,5.8,57.5,41.5,47,College,Independent,7
722,1,11.8,1.9,71.4,72.6,80,College,Republican,9
722,2,9.9,1.7,71.1,70.0,80,College,Republican,9
723,1,0.0,12.4,35.7,6.7,21,High School,Democrat,6
723,2,0.6,13.4,37.9,0.0,21,High School,Democrat,6
724,1,0.0,6.2,34.2,4.8,84,Some College,Strong Democrat,2
724,2,1.8,6.1,35.0,6.0,84,Some College,Strong Democrat,2
725,1,1.1,3.0,45.6,56.5,65,High School,Independent,5
725,2,3.1,6.4,42.4,53.5,65,High School,Independent,5
726,1,0.0,4.5,53.9,47.2,63,College,Independent,2
726,2,2.9,5.2,50.0,51.1,63,College,Independent,2
727,1,1.0,3.7,47.1,22.1,55,Some College,Independent,1
727,2,0.0,3.5,48.8,24.6,55,Some College,Independent,1
728,1,1.8,0.0,42.3,39.9,39,Some College,Independent,5
728,2,0.0,0.9,43.6,39.7,39,Some College,Independent,5
729,1,9.1,1.0,80.3,73.7,62,College,Strong Republican,9
729,2,10.5,0.0,84.4,71.2,62,College,Strong Republican,9
730,1,4.6,2.4,46.4,54.1,49,High School,Independent,1
730,2,8.0,4.6,47.2,52.1,49,High School,Independent,1
731,1,14.3,1.7,76.9,82.9,50,High School,Republican,5
731,2,14.8,1.4,76.0,84.5,50,High School,Republican,5
732,1,0.7,2.7,48.1,46.7,81,High School,Independent,8
732,2,0.2,4.1,48.2,49.3,81,High School,Independent,8
733,1,0.9,13.5,37.0,5.7,45,Some College,Democrat,3
733,2,0.5,17.4,36.8,0.4,45,Some College,Democrat,3
734,1,0.9,2.5,63.8,34.1,83,High School,Independent,4
734,2,1.4,1.5,65.9,36.9,83,High School,Independent,4
735,1,11.2,1.4,78.3,71.3,57,College,Strong Republican,5
735,2,11.3,1.0,79.6,68.3,57,College,Strong Republican,5
736,1,1.3,4.6,19.0,5.6,55,Some College,Democrat,4
736,2,0.6,7.1,18.1,3.5,55,Some College,Democrat,4
737,1,12.3,2.0,81.8,81.9,36,College,Republican,2
737,2,11.0,0.0,82.9,85.6,36,College,Republican,2
738,1,0.0,11.6,7.0,6.7,53,Some College,Strong Democrat,6
738,2,0.0,12.0,5.6,2.9,53,Some College,Strong Democrat,6
739,1,1.2,15.2,3.0,19.8,33,College,Democrat,1
739,2,1.5,14.0,4.8,25.5,33,College,Democrat,1
740,1,2.1,3.6,20.0,11.0,80,Some College,Strong Democrat,4
740,2,0.0,3.2,24.6,11.3,80,Some College,Strong Democrat,4
741,1,12.5,0.0,89.9,94.8,66,High School,Strong Republican,3
741,2,10.7,0.0,85.2,91.9,66,High School,Strong Republican,3
742,1,3.2,5.5,21.6,17.2,53,High School,Strong Democrat,6
742,2,0.0,7.9,16.6,9.0,53,High School,Strong Democrat,6
743,1,1.1,3.3,55.6,35.4,35,College,Independent,1
743,2,0.0,1.4,55.6,39.3,35,College,Independent,1
744,1,11.4,1.6,70.8,86.9,36,High School,Strong Republican,5
744,2,12.3,1.0,73.6,89.5,36,High School,Strong Republican,5
745,1,0.4,10.4,30.4,23.4,69,High School,Democrat,6
745,2,2.5,10.8,30.4,19.9,69,High School,Democrat,6
746,1,13.1,1.3,81.5,75.1,77,Some College,Strong Republican,2
746,2,13.6,2.0,80.8,77.8,77,Some College,Strong Republican,2
747,1,2.0,1.1,57.8,37.0,20,High School,Independent,10
747,2,1.1,3.0,53.7,37.9,20,High School,Independent,10
748,1,5.0,4.2,59.6,53.6,37,High School,Independent,2
748,2,3.6,0.0,63.5,59.2,37,High School,Independent,2
749,1,0.9,9.5,20.5,17.4,30,College,Democrat,3
749,2,2.4,9.9,17.3,25.4,30,College,Democrat,3
750,1,1.5,13.2,9.4,28.2,47,Graduate,Democrat,3
750,2,4.5,15.6,9.8,29.6,47,Graduate,Democrat,3
751,1,1.0,2.8,58.5,43.1,44,Graduate,Independent,4
751,2,1.0,5.4,58.3,49.2,44,Graduate,Independent,4
752,1,2.1,1.6,47.5,52.6,55,High School,Independent,7
752,2,4.0,0.0,47.9,58.3,55,High School,Independent,7
753,1,0.6,4.4,42.4,41.7,55,Some College,Independent,1
753,2,0.0,2.0,45.3,44.8,55,Some College,Independent,1
754,1,0.7,2.0,60.7,45.0,48,Some College,Independent,7
754,2,0.4,2.3,56.6,49.7,48,Some College,Independent,7
755,1,6.6,1.7,99.5,83.2,35,Some College,Strong Republican,2
755,2,6.5,2.7,100.0,72.9,35,Some College,Strong Republican,2
756,1,0.0,11.2,20.9,11.2,33,Some College,Strong Democrat,1
756,2,1.1,8.2,26.8,8.5,33,Some College,Strong Democrat,1
757,1,0.0,0.7,38.8,51.2,29,High School,Independent,4
757,2,0.0,2.3,35.9,47.0,29,High School,Independent,4
758,1,8.7,1.8,64.0,73.5,22,High School,Strong Republican,3
758,2,12.3,0.0,68.7,75.1,22,High School,Strong Republican,3
759,1,12.5,1.1,78.6,67.1,65,College,Republican,1
759,2,11.7,3.3,77.2,62.8,65,College,Republican,1
760,1,8.5,1.9,71.6,83.7,45,Some College,Republican,3
760,2,6.0,3.1,72.4,83.3,45,Some College,Republican,3
761,1,0.4,5.4,17.2,27.0,48,Graduate,Strong Democrat,5
761,2,1.7,7.8,18.4,23.3,48,Graduate,Strong Democrat,5
762,1,1.7,8.4,20.9,21.5,53,College,Strong Democrat,6
762,2,0.2,13.0,20.2,15.8,53,College,Strong Democrat,6
763,1,1.8,14.5,26.2,4.9,68,College,Strong Democrat,2
763,2,1.7,12.1,35.0,12.6,68,College,Strong Democrat,2
764,1,7.5,1.4,75.8,85.0,63,Graduate,Strong Republican,7
764,2,6.6,2.9,73.1,78.1,63,Graduate,Strong Republican,7
765,1,6.2,0.6,88.1,87.1,73,Graduate,Strong Republican,6
765,2,7.9,1.0,89.2,89.5,73,Graduate,Strong Republican,6
766,1,4.7,3.8,63.7,20.1,68,High School,Independent,8
766,2,3.9,2.4,63.4,16.2,68,High School,Independent,8
767,1,1.3,7.8,33.4,20.0,57,College,Strong Democrat,4
767,2,0.8,11.1,35.4,20.5,57,College,Strong Democrat,4
768,1,5.9,2.5,51.0,57.6,72,College,Independent,2
768,2,6.2,2.0,50.9,62.6,72,College,Independent,2
769,1,0.8,3.3,19.4,23.8,35,Some College,Strong Democrat,9
769,2,1.0,7.5,13.3,22.0,35,Some College,Strong Democrat,9
770,1,0.6,4.8,23.0,17.6,41,Graduate,Democrat,6
770,2,1.8,4.9,26.5,21.4,41,Graduate,Democrat,6
771,1,4.5,2.5,61.5,37.5,72,Some College,Independent,6
771,2,2.9,0.0,64.9,40.5,72,Some College,Independent,6
772,1,3.1,1.6,36.4,40.5,51,High School,Independent,3
772,2,2.3,0.7,38.2,34.9,51,High School,Independent,3
773,1,0.2,11.0,38.5,11.3,46,College,Democrat,5
773,2,0.2,9.6,34.1,14.4,46,College,Democrat,5
774,1,5.1,0.6,51.4,49.3,64,Graduate,Independent,7
774,2,5.3,0.0,54.0,53.8,64,Graduate,Independent,7
775,1,3.0,3.6,40.9,35.4,64,Some College,Independent,2
775,2,3.2,5.0,38.9,32.4,64,Some College,Independent,2
776,1,0.7,4.2,36.4,20.0,43,Some College,Strong Democrat,6
776,2,0.0,6.6,34.5,17.9,43,Some College,Strong Democrat,6
777,1,2.4,9.5,17.5,26.9,44,Some College,Democrat,9
777,2,1.3,8.0,14.7,21.5,44,Some College,Democrat,9
778,1,1.4,6.3,11.8,25.8,79,Some College,Democrat,2
778,2,0.4,5.6,11.3,20.2,79,Some College,Democrat,2
779,1,0.4,5.9,34.6,25.6,57,Some College,Strong Democrat,3
779,2,0.0,4.8,39.6,32.8,57,Some College,Strong Democrat,3
780,1,5.8,0.0,65.7,72.4,50,College,Republican,5
780,2,6.4,4.7,63.9,63.9,50,College,Republican,5
781,1,6.8,0.0,80.4,66.4,55,College,Republican,9
781,2,6.4,0.0,80.9,70.0,55,College,Republican,9
782,1,0.8,9.6,20.3,17.4,66,High School,Democrat,1
782,2,5.7,10.7,24.6,20.1,66,High School,Democrat,1
783,1,4.6,6.0,53.6,40.3,68,Some College,Independent,2
783,2,5.6,5.2,54.0,42.2,68,Some College,Independent,2
784,1,1.5,5.6,17.8,22.4,48,Some College,Strong Democrat,3
784,2,0.0,7.0,17.3,21.1,48,Some College,Strong Democrat,3
785,1,2.0,0.9,47.4,46.6,29,Graduate,Independent,1
785,2,0.8,1.3,47.4,50.7,29,Graduate,Independent,1
786,1,11.8,0.9,65.3,90.5,74,Some College,Strong Republican,10
786,2,11.2,2.0,65.2,77.5,74,Some College,Strong Republican,10
787,1,3.2,11.1,44.7,16.7,53,Some College,Strong Democrat,2
787,2,1.9,11.2,44.2,15.3,53,Some College,Strong Democrat,2
788,1,8.2,0.9,88.3,88.0,27,Some College,Republican,6
788,2,13.6,2.2,94.6,85.0,27,Some College,Republican,6
789,1,3.4,3.3,56.8,34.8,29,Some College,Independent,10
789,2,2.8,0.7,63.1,43.4,29,Some College,Independent,10
790,1,14.5,0.8,81.0,70.8,63,College,Strong Republican,2
790,2,13.4,0.0,80.6,72.2,63,College,Strong Republican,2
791,1,2.0,7.4,28.1,7.1,39,College,Strong Democrat,7
791,2,0.9,6.8,25.4,8.3,39,College,Strong Democrat,7
792,1,3.9,3.9,60.9,40.7,57,College,Independent,1
792,2,5.9,4.2,62.4,40.4,57,College,Independent,1
793,1,4.8,0.0,65.3,99.6,24,College,Strong Republican,10
793,2,3.3,0.0,62.0,99.4,24,College,Strong Republican,10
794,1,12.8,1.8,74.5,91.1,21,High School,Strong Republican,6
794,2,12.1,0.0,75.6,95.1,21,High School,Strong Republican,6
795,1,0.7,7.3,21.6,16.6,71,Some College,Strong Democrat,2
795,2,1.7,4.2,21.1,20.6,71,Some College,Strong Democrat,2
796,1,0.0,4.7,34.9,60.4,30,High School,Independent,7
796,2,0.0,2.8,37.8,54.4,30,High School,Independent,7
797,1,3.8,0.4,77.6,94.0,63,High School,Strong Republican,8
797,2,5.6,3.2,77.5,97.5,63,High School,Strong Republican,8
798,1,3.0,0.2,60.1,60.5,79,Graduate,Independent,4
798,2,4.9,1.8,60.4,59.2,79,Graduate,Independent,4
799,1,2.8,3.8,44.9,35.0,23,College,Independent,1
799,2,7.3,5.0,49.7,39.0,23,College,Independent,1
800,1,2.4,4.3,19.2,24.4,63,College,Strong Democrat,4
800,2,0.8,5.4,21.9,23.2,63,College,Strong Democrat,4
