state,year,policy_adopted,year_adopted,outcome_variable,population,unemployment,gov_party,leg_control,neighbor_adopted
Alabama,2000,False,2019.0,57.39,5045583,6.1,Democrat,Republican,False
Alabama,2001,False,2019.0,58.13,5096038,4.0,Republican,Republican,False
Alabama,2002,False,2019.0,49.86,5146999,2.2,Democrat,Democrat,False
Alabama,2003,False,2019.0,53.72,5198469,6.8,Democrat,Republican,False
Alabama,2004,False,2019.0,43.91,5250453,6.7,Democrat,Republican,False
Alabama,2005,False,2019.0,35.45,5302958,4.9,Democrat,Republican,False
Alabama,2006,False,2019.0,49.36,5355988,4.5,Democrat,Republican,False
Alabama,2007,False,2019.0,39.14,5409547,4.7,Republican,Democrat,False
Alabama,2008,False,2019.0,38.45,5463643,3.7,Democrat,Democrat,False
Alabama,2009,False,2019.0,54.68,5518279,5.1,Democrat,Republican,False
Alabama,2010,False,2019.0,54.41,5573462,4.3,Republican,Republican,False
Alabama,2011,False,2019.0,49.02,5629197,3.9,Democrat,Democrat,False
Alabama,2012,False,2019.0,44.88,5685489,5.6,Republican,Split,False
Alabama,2013,False,2019.0,59.06,5742344,6.6,Democrat,Democrat,False
Alabama,2014,False,2019.0,37.17,5799767,5.3,Democrat,Republican,False
Alabama,2015,False,2019.0,42.36,5857765,8.1,Democrat,Democrat,False
Alabama,2016,False,2019.0,61.63,5916342,5.9,Republican,Republican,False
Alabama,2017,False,2019.0,48.09,5975506,5.6,Democrat,Republican,False
Alabama,2018,False,2019.0,57.55,6035261,6.6,Republican,Split,False
Alabama,2019,True,2019.0,64.32,6095613,8.2,Democrat,Republican,False
Alabama,2020,True,2019.0,56.42,6156570,6.8,Republican,Democrat,False
Alabama,2021,True,2019.0,56.97,6218135,3.8,Republican,Republican,False
Alabama,2022,True,2019.0,41.58,6280317,6.9,Democrat,Democrat,False
Alabama,2023,True,2019.0,57.07,6343120,5.8,Democrat,Democrat,False
Alaska,2000,False,,40.31,19734400,4.5,Democrat,Republican,False
Alaska,2001,False,,60.76,19931744,6.1,Democrat,Split,False
Alaska,2002,False,,49.43,20131061,5.5,Republican,Republican,False
Alaska,2003,False,,68.62,20332372,8.3,Republican,Democrat,False
Alaska,2004,False,,54.31,20535695,4.8,Democrat,Democrat,False
Alaska,2005,False,,55.25,20741052,5.7,Democrat,Split,False
Alaska,2006,False,,55.95,20948463,7.0,Democrat,Democrat,False
Alaska,2007,False,,33.22,21157947,6.3,Republican,Democrat,False
Alaska,2008,False,,42.53,21369527,3.5,Democrat,Republican,False
Alaska,2009,False,,42.64,21583222,6.2,Democrat,Democrat,False
Alaska,2010,False,,68.73,21799054,8.5,Democrat,Democrat,False
Alaska,2011,False,,38.43,22017045,6.6,Republican,Democrat,False
Alaska,2012,False,,53.31,22237215,2.4,Republican,Republican,False
Alaska,2013,False,,61.09,22459588,6.7,Republican,Split,False
Alaska,2014,False,,64.38,22684183,4.4,Republican,Republican,False
Alaska,2015,False,,58.83,22911025,2.8,Republican,Democrat,False
Alaska,2016,False,,34.41,23140136,2.0,Democrat,Democrat,False
Alaska,2017,False,,55.0,23371537,4.9,Democrat,Democrat,False
Alaska,2018,False,,51.81,23605252,3.2,Democrat,Split,False
Alaska,2019,False,,58.28,23841305,4.3,Democrat,Split,False
Alaska,2020,False,,41.5,24079718,7.3,Republican,Split,False
Alaska,2021,False,,55.77,24320515,6.5,Democrat,Democrat,False
Alaska,2022,False,,60.52,24563720,6.0,Republican,Democrat,False
Alaska,2023,False,,52.51,24809357,6.2,Democrat,Republican,False
Arizona,2000,False,2011.0,54.17,18632747,6.0,Republican,Split,False
Arizona,2001,False,2011.0,56.56,18819074,7.8,Republican,Republican,False
Arizona,2002,False,2011.0,51.99,19007265,3.8,Democrat,Democrat,False
Arizona,2003,False,2011.0,49.76,19197337,4.2,Democrat,Democrat,False
Arizona,2004,False,2011.0,44.34,19389311,6.9,Republican,Democrat,False
Arizona,2005,False,2011.0,50.76,19583204,6.6,Republican,Democrat,False
Arizona,2006,False,2011.0,51.59,19779036,3.8,Republican,Split,False
Arizona,2007,False,2011.0,52.68,19976826,2.0,Democrat,Split,False
Arizona,2008,False,2011.0,47.42,20176595,6.0,Democrat,Democrat,False
Arizona,2009,False,2011.0,36.11,20378360,7.5,Republican,Democrat,False
Arizona,2010,False,2011.0,55.11,20582144,3.9,Democrat,Democrat,False
Arizona,2011,True,2011.0,38.24,20787966,5.5,Republican,Split,False
Arizona,2012,True,2011.0,61.45,20995845,8.0,Republican,Democrat,False
Arizona,2013,True,2011.0,60.48,21205804,7.0,Republican,Democrat,False
Arizona,2014,True,2011.0,51.23,21417862,9.6,Republican,Republican,False
Arizona,2015,True,2011.0,62.72,21632040,3.9,Democrat,Split,False
Arizona,2016,True,2011.0,65.33,21848361,6.5,Democrat,Republican,False
Arizona,2017,True,2011.0,60.06,22066844,5.7,Democrat,Split,False
Arizona,2018,True,2011.0,59.54,22287513,4.2,Democrat,Republican,False
Arizona,2019,True,2011.0,57.32,22510388,4.7,Republican,Republican,False
Arizona,2020,True,2011.0,67.23,22735492,7.2,Democrat,Split,False
Arizona,2021,True,2011.0,53.86,22962847,3.1,Democrat,Democrat,False
Arizona,2022,True,2011.0,66.79,23192475,4.7,Republican,Democrat,False
Arizona,2023,True,2011.0,67.87,23424400,7.9,Democrat,Democrat,False
Arkansas,2000,False,2015.0,56.11,39220111,6.8,Democrat,Split,False
Arkansas,2001,False,2015.0,43.02,39612312,6.1,Democrat,Democrat,False
Arkansas,2002,False,2015.0,60.28,40008435,4.6,Democrat,Republican,False
Arkansas,2003,False,2015.0,48.42,40408519,6.3,Democrat,Democrat,False
Arkansas,2004,False,2015.0,52.86,40812604,2.0,Republican,Democrat,False
Arkansas,2005,False,2015.0,38.09,41220730,8.0,Republican,Democrat,False
Arkansas,2006,False,2015.0,50.86,41632938,7.5,Democrat,Split,False
Arkansas,2007,False,2015.0,56.2,42049267,3.6,Republican,Republican,False
Arkansas,2008,False,2015.0,45.0,42469760,6.5,Republican,Republican,False
Arkansas,2009,False,2015.0,46.56,42894457,5.4,Democrat,Republican,False
Arkansas,2010,False,2015.0,44.9,43323402,3.2,Democrat,Split,False
Arkansas,2011,False,2015.0,43.92,43756636,8.6,Republican,Republican,False
Arkansas,2012,False,2015.0,50.34,44194202,6.9,Republican,Split,False
Arkansas,2013,False,2015.0,54.37,44636144,5.3,Republican,Democrat,False
Arkansas,2014,False,2015.0,48.14,45082506,2.0,Republican,Democrat,False
Arkansas,2015,True,2015.0,48.61,45533331,8.7,Democrat,Democrat,False
Arkansas,2016,True,2015.0,41.21,45988664,4.2,Democrat,Democrat,False
Arkansas,2017,True,2015.0,50.34,46448551,5.9,Republican,Republican,False
Arkansas,2018,True,2015.0,56.54,46913036,6.1,Republican,Split,False
Arkansas,2019,True,2015.0,68.93,47382167,7.1,Democrat,Democrat,False
Arkansas,2020,True,2015.0,61.28,47855988,4.6,Democrat,Democrat,False
Arkansas,2021,True,2015.0,57.44,48334548,4.1,Republican,Democrat,False
Arkansas,2022,True,2015.0,61.68,48817894,7.2,Republican,Democrat,False
Arkansas,2023,True,2015.0,63.99,49306073,6.0,Democrat,Republican,False
California,2000,False,2008.0,55.27,10242257,3.8,Republican,Republican,False
California,2001,False,2008.0,43.84,10344679,5.8,Democrat,Republican,False
California,2002,False,2008.0,62.72,10448126,4.4,Democrat,Republican,False
California,2003,False,2008.0,52.53,10552607,4.7,Republican,Democrat,False
California,2004,False,2008.0,50.95,10658133,5.2,Democrat,Republican,False
California,2005,False,2008.0,48.13,10764715,6.6,Democrat,Democrat,False
California,2006,False,2008.0,62.01,10872362,4.2,Democrat,Split,False
California,2007,False,2008.0,47.31,10981085,2.7,Democrat,Republican,False
California,2008,True,2008.0,61.07,11090896,6.4,Democrat,Republican,False
California,2009,True,2008.0,54.22,11201805,4.8,Republican,Republican,False
California,2010,True,2008.0,55.96,11313823,7.9,Democrat,Republican,False
California,2011,True,2008.0,69.12,11426961,4.0,Republican,Democrat,True
California,2012,True,2008.0,78.66,11541231,3.8,Democrat,Republican,True
California,2013,True,2008.0,56.0,11656643,9.3,Democrat,Democrat,True
California,2014,True,2008.0,77.95,11773210,4.4,Democrat,Split,True
California,2015,True,2008.0,59.32,11890942,7.7,Republican,Republican,True
California,2016,True,2008.0,45.34,12009851,7.8,Democrat,Republican,True
California,2017,True,2008.0,52.22,12129950,5.1,Republican,Republican,True
California,2018,True,2008.0,61.86,12251249,6.2,Republican,Democrat,True
California,2019,True,2008.0,60.88,12373762,2.0,Democrat,Republican,True
California,2020,True,2008.0,65.79,12497499,3.3,Democrat,Republican,True
California,2021,True,2008.0,60.22,12622474,3.8,Republican,Republican,True
California,2022,True,2008.0,47.9,12748699,7.1,Republican,Democrat,True
California,2023,True,2008.0,54.14,12876186,4.0,Democrat,Republican,True
Colorado,2000,False,2007.0,39.24,14993549,6.9,Republican,Republican,False
Colorado,2001,False,2007.0,45.01,15143484,6.8,Democrat,Democrat,False
Colorado,2002,False,2007.0,59.2,15294919,7.0,Democrat,Split,False
Colorado,2003,False,2007.0,50.22,15447868,2.0,Republican,Democrat,False
Colorado,2004,False,2007.0,51.51,15602347,8.6,Democrat,Democrat,False
Colorado,2005,False,2007.0,54.99,15758370,6.8,Democrat,Republican,False
Colorado,2006,False,2007.0,44.65,15915954,4.4,Democrat,Democrat,False
Colorado,2007,True,2007.0,51.92,16075113,5.7,Republican,Democrat,False
Colorado,2008,True,2007.0,58.54,16235865,5.8,Republican,Democrat,False
Colorado,2009,True,2007.0,57.71,16398223,3.9,Democrat,Split,False
Colorado,2010,True,2007.0,60.39,16562205,6.2,Republican,Democrat,False
Colorado,2011,True,2007.0,49.78,16727828,3.0,Republican,Democrat,False
Colorado,2012,True,2007.0,64.34,16895106,8.8,Democrat,Democrat,False
Colorado,2013,True,2007.0,64.83,17064057,5.4,Republican,Republican,False
Colorado,2014,True,2007.0,68.25,17234697,3.0,Democrat,Democrat,False
Colorado,2015,True,2007.0,54.81,17407044,8.2,Republican,Democrat,False
Colorado,2016,True,2007.0,51.69,17581115,5.9,Democrat,Split,False
Colorado,2017,True,2007.0,62.34,17756926,3.9,Republican,Democrat,False
Colorado,2018,True,2007.0,68.98,17934495,5.1,Republican,Republican,False
Colorado,2019,True,2007.0,62.51,18113840,2.6,Democrat,Split,False
Colorado,2020,True,2007.0,63.0,18294979,5.5,Democrat,Democrat,False
Colorado,2021,True,2007.0,69.77,18477928,7.5,Democrat,Split,False
Colorado,2022,True,2007.0,68.07,18662708,6.5,Republican,Democrat,False
Colorado,2023,True,2007.0,52.45,18849335,3.7,Republican,Democrat,False
Connecticut,2000,False,2006.0,49.79,25870439,7.8,Democrat,Split,False
Connecticut,2001,False,2006.0,39.23,26129143,7.2,Republican,Republican,False
Connecticut,2002,False,2006.0,46.32,26390434,7.7,Republican,Republican,False
Connecticut,2003,False,2006.0,37.23,26654339,8.0,Democrat,Democrat,False
Connecticut,2004,False,2006.0,65.29,26920882,3.2,Democrat,Democrat,False
Connecticut,2005,False,2006.0,64.52,27190091,4.2,Republican,Democrat,False
Connecticut,2006,True,2006.0,52.04,27461992,7.4,Republican,Democrat,False
Connecticut,2007,True,2006.0,38.25,27736612,2.1,Republican,Republican,False
Connecticut,2008,True,2006.0,49.54,28013978,3.0,Republican,Democrat,False
Connecticut,2009,True,2006.0,57.2,28294118,8.6,Democrat,Democrat,False
Connecticut,2010,True,2006.0,55.08,28577059,3.9,Democrat,Democrat,False
Connecticut,2011,True,2006.0,48.38,28862829,3.2,Democrat,Republican,False
Connecticut,2012,True,2006.0,63.46,29151458,9.2,Democrat,Republican,False
Connecticut,2013,True,2006.0,44.25,29442972,4.2,Democrat,Democrat,False
Connecticut,2014,True,2006.0,65.3,29737402,6.7,Democrat,Split,False
Connecticut,2015,True,2006.0,67.5,30034776,7.6,Republican,Democrat,False
Connecticut,2016,True,2006.0,72.64,30335124,4.2,Republican,Republican,False
Connecticut,2017,True,2006.0,72.44,30638475,3.3,Republican,Democrat,False
Connecticut,2018,True,2006.0,75.18,30944860,5.3,Republican,Split,False
Connecticut,2019,True,2006.0,64.91,31254308,7.0,Democrat,Democrat,False
Connecticut,2020,True,2006.0,53.95,31566851,6.5,Republican,Democrat,False
Connecticut,2021,True,2006.0,68.73,31882520,7.0,Republican,Republican,False
Connecticut,2022,True,2006.0,69.33,32201345,6.4,Democrat,Democrat,False
Connecticut,2023,True,2006.0,70.54,32523359,3.7,Democrat,Republican,False
Delaware,2000,False,,56.21,16386372,3.7,Republican,Republican,False
Delaware,2001,False,,62.26,16550235,2.0,Democrat,Republican,False
Delaware,2002,False,,43.84,16715738,8.2,Republican,Republican,False
Delaware,2003,False,,65.34,16882895,6.2,Republican,Republican,False
Delaware,2004,False,,43.53,17051724,3.9,Democrat,Democrat,False
Delaware,2005,False,,49.57,17222241,4.5,Republican,Split,False
Delaware,2006,False,,48.65,17394464,5.0,Democrat,Republican,False
Delaware,2007,False,,39.59,17568408,8.8,Republican,Republican,False
Delaware,2008,False,,42.0,17744092,7.2,Republican,Split,False
Delaware,2009,False,,56.14,17921533,8.1,Democrat,Democrat,False
Delaware,2010,False,,44.96,18100749,4.9,Republican,Republican,False
Delaware,2011,False,,50.06,18281756,5.1,Republican,Republican,False
Delaware,2012,False,,46.43,18464574,3.7,Republican,Republican,False
Delaware,2013,False,,54.72,18649219,7.4,Republican,Democrat,False
Delaware,2014,False,,56.88,18835712,6.9,Republican,Republican,False
Delaware,2015,False,,40.08,19024069,6.1,Democrat,Democrat,False
Delaware,2016,False,,41.76,19214309,3.8,Republican,Republican,False
Delaware,2017,False,,38.69,19406452,5.2,Democrat,Split,False
Delaware,2018,False,,54.73,19600517,4.1,Democrat,Republican,False
Delaware,2019,False,,57.82,19796522,5.1,Democrat,Democrat,False
Delaware,2020,False,,57.62,19994487,4.8,Democrat,Democrat,False
Delaware,2021,False,,44.21,20194432,5.3,Republican,Republican,False
Delaware,2022,False,,47.32,20396377,6.3,Democrat,Democrat,False
Delaware,2023,False,,56.77,20600340,4.8,Democrat,Split,False
Florida,2000,False,,57.36,36376898,2.8,Democrat,Republican,False
Florida,2001,False,,55.25,36740666,5.5,Democrat,Democrat,False
Florida,2002,False,,54.18,37108073,8.3,Republican,Republican,False
Florida,2003,False,,52.85,37479154,6.6,Democrat,Republican,False
Florida,2004,False,,47.47,37853945,6.2,Republican,Democrat,False
Florida,2005,False,,48.6,38232485,4.6,Democrat,Democrat,True
Florida,2006,False,,49.01,38614810,5.0,Democrat,Democrat,True
Florida,2007,False,,45.55,39000958,2.2,Republican,Split,True
Florida,2008,False,,65.4,39390967,4.3,Republican,Republican,True
Florida,2009,False,,39.23,39784877,4.6,Democrat,Republican,True
Florida,2010,False,,43.11,40182726,4.6,Democrat,Republican,True
Florida,2011,False,,59.75,40584553,6.4,Democrat,Democrat,True
Florida,2012,False,,45.21,40990399,2.0,Republican,Republican,True
Florida,2013,False,,48.43,41400303,5.0,Republican,Democrat,True
Florida,2014,False,,48.85,41814306,4.7,Republican,Democrat,True
Florida,2015,False,,45.65,42232449,4.9,Republican,Democrat,True
Florida,2016,False,,57.16,42654773,4.1,Republican,Split,True
Florida,2017,False,,57.52,43081321,7.0,Democrat,Democrat,True
Florida,2018,False,,61.18,43512134,8.0,Republican,Republican,True
Florida,2019,False,,54.04,43947256,4.3,Republican,Republican,True
Florida,2020,False,,50.18,44386728,6.7,Democrat,Split,True
Florida,2021,False,,48.11,44830595,5.9,Democrat,Republican,True
Florida,2022,False,,56.27,45278901,4.0,Democrat,Democrat,True
Florida,2023,False,,54.02,45731690,5.3,Republican,Democrat,True
Georgia,2000,False,2005.0,52.46,2412584,5.0,Republican,Republican,False
Georgia,2001,False,2005.0,46.18,2436709,6.3,Democrat,Democrat,False
Georgia,2002,False,2005.0,60.65,2461076,6.8,Democrat,Republican,False
Georgia,2003,False,2005.0,41.39,2485687,4.7,Republican,Republican,False
Georgia,2004,False,2005.0,47.44,2510544,5.1,Democrat,Democrat,False
Georgia,2005,True,2005.0,49.71,2535650,4.8,Democrat,Republican,False
Georgia,2006,True,2005.0,46.98,2561006,6.6,Republican,Split,False
Georgia,2007,True,2005.0,56.35,2586616,6.4,Democrat,Split,False
Georgia,2008,True,2005.0,56.23,2612482,6.7,Republican,Democrat,False
Georgia,2009,True,2005.0,57.25,2638607,6.8,Republican,Democrat,False
Georgia,2010,True,2005.0,54.89,2664993,8.8,Republican,Democrat,False
Georgia,2011,True,2005.0,48.24,2691643,6.4,Democrat,Republican,False
Georgia,2012,True,2005.0,65.94,2718560,4.2,Democrat,Republican,False
Georgia,2013,True,2005.0,58.08,2745745,6.2,Republican,Democrat,False
Georgia,2014,True,2005.0,57.6,2773203,6.0,Democrat,Republican,False
Georgia,2015,True,2005.0,70.7,2800935,4.9,Republican,Republican,False
Georgia,2016,True,2005.0,56.82,2828944,2.8,Republican,Republican,False
Georgia,2017,True,2005.0,66.52,2857233,2.6,Democrat,Split,False
Georgia,2018,True,2005.0,57.07,2885806,4.4,Democrat,Split,False
Georgia,2019,True,2005.0,77.79,2914664,5.4,Republican,Democrat,False
Georgia,2020,True,2005.0,62.15,2943810,2.8,Democrat,Republican,False
Georgia,2021,True,2005.0,48.62,2973249,8.0,Democrat,Split,False
Georgia,2022,True,2005.0,66.37,3002981,5.0,Democrat,Democrat,False
Georgia,2023,True,2005.0,65.98,3033011,2.8,Democrat,Democrat,False
Hawaii,2000,False,2016.0,38.91,21589933,2.9,Republican,Republican,False
Hawaii,2001,False,2016.0,47.3,21805832,5.0,Democrat,Split,False
Hawaii,2002,False,2016.0,57.41,22023890,8.6,Republican,Democrat,False
Hawaii,2003,False,2016.0,48.24,22244129,7.2,Democrat,Democrat,False
Hawaii,2004,False,2016.0,49.38,22466570,3.5,Republican,Republican,False
Hawaii,2005,False,2016.0,46.88,22691236,8.5,Democrat,Democrat,False
Hawaii,2006,False,2016.0,57.99,22918148,5.5,Democrat,Split,False
Hawaii,2007,False,2016.0,38.59,23147330,4.6,Republican,Republican,False
Hawaii,2008,False,2016.0,57.74,23378803,4.3,Democrat,Republican,False
Hawaii,2009,False,2016.0,50.14,23612591,3.1,Republican,Republican,False
Hawaii,2010,False,2016.0,38.55,23848717,3.9,Democrat,Democrat,False
Hawaii,2011,False,2016.0,56.63,24087204,4.4,Republican,Democrat,False
Hawaii,2012,False,2016.0,49.4,24328076,5.4,Republican,Republican,False
Hawaii,2013,False,2016.0,50.45,24571357,8.1,Republican,Democrat,False
Hawaii,2014,False,2016.0,44.6,24817071,4.3,Republican,Split,False
Hawaii,2015,False,2016.0,41.87,25065241,5.0,Democrat,Democrat,False
Hawaii,2016,True,2016.0,38.82,25315894,6.9,Democrat,Republican,False
Hawaii,2017,True,2016.0,43.51,25569053,2.0,Democrat,Democrat,False
Hawaii,2018,True,2016.0,55.0,25824743,4.4,Democrat,Democrat,False
Hawaii,2019,True,2016.0,43.87,26082991,5.2,Democrat,Split,False
Hawaii,2020,True,2016.0,58.67,26343821,4.2,Democrat,Split,False
Hawaii,2021,True,2016.0,66.27,26607259,3.3,Democrat,Democrat,False
Hawaii,2022,True,2016.0,66.22,26873332,3.4,Republican,Republican,False
Hawaii,2023,True,2016.0,58.22,27142065,6.1,Republican,Democrat,False
Idaho,2000,False,2014.0,40.2,38389950,5.7,Democrat,Republican,False
Idaho,2001,False,2014.0,45.24,38773849,4.7,Republican,Republican,False
Idaho,2002,False,2014.0,40.33,39161587,8.8,Democrat,Republican,False
Idaho,2003,False,2014.0,43.62,39553203,4.9,Democrat,Democrat,False
Idaho,2004,False,2014.0,56.29,39948735,7.2,Democrat,Democrat,False
Idaho,2005,False,2014.0,63.92,40348223,7.3,Republican,Republican,False
Idaho,2006,False,2014.0,49.03,40751705,3.1,Republican,Democrat,False
Idaho,2007,False,2014.0,44.33,41159222,4.0,Democrat,Democrat,False
Idaho,2008,False,2014.0,58.25,41570814,6.9,Democrat,Democrat,False
Idaho,2009,False,2014.0,65.56,41986522,7.3,Republican,Democrat,False
Idaho,2010,False,2014.0,46.86,42406388,8.1,Democrat,Republican,False
Idaho,2011,False,2014.0,54.46,42830452,7.5,Democrat,Democrat,False
Idaho,2012,False,2014.0,45.11,43258756,6.6,Democrat,Democrat,False
Idaho,2013,False,2014.0,46.85,43691344,5.1,Democrat,Republican,False
Idaho,2014,True,2014.0,53.31,44128257,5.4,Republican,Democrat,False
Idaho,2015,True,2014.0,51.78,44569540,2.1,Democrat,Republican,False
Idaho,2016,True,2014.0,51.11,45015235,4.4,Democrat,Republican,False
Idaho,2017,True,2014.0,64.58,45465387,6.7,Republican,Democrat,False
Idaho,2018,True,2014.0,66.08,45920041,2.0,Democrat,Republican,False
Idaho,2019,True,2014.0,62.14,46379242,4.7,Democrat,Democrat,False
Idaho,2020,True,2014.0,62.93,46843034,6.9,Republican,Split,False
Idaho,2021,True,2014.0,63.51,47311464,3.1,Democrat,Democrat,False
Idaho,2022,True,2014.0,50.8,47784579,4.3,Republican,Democrat,False
Idaho,2023,True,2014.0,66.01,48262425,5.5,Democrat,Split,False
Illinois,2000,False,2020.0,55.69,19404815,4.7,Democrat,Republican,False
Illinois,2001,False,2020.0,49.68,19598863,8.4,Democrat,Democrat,False
Illinois,2002,False,2020.0,52.26,19794851,7.2,Republican,Democrat,False
Illinois,2003,False,2020.0,59.74,19992800,5.3,Democrat,Republican,False
Illinois,2004,False,2020.0,35.27,20192728,7.3,Democrat,Democrat,False
Illinois,2005,False,2020.0,42.66,20394655,3.5,Democrat,Split,False
Illinois,2006,False,2020.0,44.5,20598602,4.7,Republican,Split,False
Illinois,2007,False,2020.0,45.65,20804588,4.2,Republican,Democrat,False
Illinois,2008,False,2020.0,56.32,21012634,4.5,Republican,Split,False
Illinois,2009,False,2020.0,49.17,21222760,7.7,Republican,Split,False
Illinois,2010,False,2020.0,54.03,21434987,6.1,Republican,Split,False
Illinois,2011,False,2020.0,58.79,21649337,3.1,Democrat,Democrat,False
Illinois,2012,False,2020.0,40.84,21865831,5.1,Democrat,Democrat,False
Illinois,2013,False,2020.0,50.07,22084489,3.9,Republican,Democrat,False
Illinois,2014,False,2020.0,61.34,22305334,3.4,Democrat,Republican,False
Illinois,2015,False,2020.0,46.69,22528387,3.6,Democrat,Democrat,False
Illinois,2016,False,2020.0,43.9,22753671,8.9,Democrat,Republican,True
Illinois,2017,False,2020.0,51.57,22981208,5.8,Democrat,Democrat,True
Illinois,2018,False,2020.0,48.39,23211020,4.9,Republican,Republican,True
Illinois,2019,False,2020.0,38.17,23443130,6.2,Republican,Republican,True
Illinois,2020,True,2020.0,49.32,23677561,5.1,Republican,Republican,True
Illinois,2021,True,2020.0,50.1,23914337,3.9,Republican,Democrat,True
Illinois,2022,True,2020.0,54.6,24153480,6.8,Republican,Democrat,True
Illinois,2023,True,2020.0,58.0,24395015,4.4,Democrat,Republican,True
Indiana,2000,False,2019.0,46.99,23431189,7.6,Republican,Split,False
Indiana,2001,False,2019.0,58.99,23665500,2.7,Democrat,Split,False
Indiana,2002,False,2019.0,45.58,23902155,3.0,Republican,Split,False
Indiana,2003,False,2019.0,58.58,24141177,5.4,Republican,Democrat,False
Indiana,2004,False,2019.0,63.01,24382589,6.2,Republican,Split,False
Indiana,2005,False,2019.0,46.89,24626415,5.2,Republican,Democrat,False
Indiana,2006,False,2019.0,54.59,24872679,6.7,Democrat,Democrat,False
Indiana,2007,False,2019.0,56.7,25121406,7.1,Republican,Republican,False
Indiana,2008,False,2019.0,43.97,25372620,2.6,Democrat,Split,False
Indiana,2009,False,2019.0,39.48,25626346,4.3,Republican,Republican,False
Indiana,2010,False,2019.0,53.57,25882609,8.3,Democrat,Republican,False
Indiana,2011,False,2019.0,47.11,26141435,3.6,Democrat,Republican,False
Indiana,2012,False,2019.0,45.36,26402850,3.6,Republican,Republican,False
Indiana,2013,False,2019.0,59.24,26666878,6.6,Republican,Republican,False
Indiana,2014,False,2019.0,56.85,26933547,4.2,Democrat,Split,False
Indiana,2015,False,2019.0,55.54,27202883,6.4,Democrat,Democrat,False
Indiana,2016,False,2019.0,44.58,27474911,3.5,Republican,Democrat,False
Indiana,2017,False,2019.0,65.18,27749660,7.8,Republican,Split,False
Indiana,2018,False,2019.0,59.85,28027157,5.2,Democrat,Republican,False
Indiana,2019,True,2019.0,51.37,28307429,4.6,Democrat,Republican,False
Indiana,2020,True,2019.0,51.84,28590503,5.5,Republican,Split,False
Indiana,2021,True,2019.0,46.86,28876408,6.6,Republican,Republican,False
Indiana,2022,True,2019.0,47.28,29165172,9.1,Democrat,Democrat,False
Indiana,2023,True,2019.0,48.72,29456824,3.2,Republican,Split,False
Iowa,2000,False,2016.0,36.2,3600581,2.6,Republican,Republican,False
Iowa,2001,False,2016.0,43.72,3636586,3.0,Democrat,Republican,False
Iowa,2002,False,2016.0,46.49,3672952,5.3,Democrat,Democrat,False
Iowa,2003,False,2016.0,45.63,3709682,4.3,Republican,Democrat,False
Iowa,2004,False,2016.0,59.96,3746779,5.8,Republican,Democrat,False
Iowa,2005,False,2016.0,50.58,3784246,2.9,Republican,Democrat,False
Iowa,2006,False,2016.0,60.9,3822089,5.0,Democrat,Split,False
Iowa,2007,False,2016.0,52.81,3860310,2.5,Republican,Republican,False
Iowa,2008,False,2016.0,37.96,3898913,6.2,Republican,Republican,False
Iowa,2009,False,2016.0,59.22,3937902,5.0,Republican,Republican,False
Iowa,2010,False,2016.0,59.78,3977281,5.3,Democrat,Republican,False
Iowa,2011,False,2016.0,59.48,4017054,8.5,Democrat,Republican,False
Iowa,2012,False,2016.0,46.44,4057224,2.2,Republican,Democrat,False
Iowa,2013,False,2016.0,47.33,4097797,4.9,Republican,Democrat,False
Iowa,2014,False,2016.0,55.6,4138775,7.6,Democrat,Democrat,False
Iowa,2015,False,2016.0,53.1,4180162,5.4,Republican,Democrat,False
Iowa,2016,True,2016.0,51.48,4221964,7.1,Republican,Democrat,False
Iowa,2017,True,2016.0,56.24,4264184,6.9,Republican,Republican,False
Iowa,2018,True,2016.0,60.81,4306825,3.3,Republican,Republican,False
Iowa,2019,True,2016.0,58.5,4349894,5.5,Republican,Republican,False
Iowa,2020,True,2016.0,58.8,4393393,4.7,Democrat,Democrat,False
Iowa,2021,True,2016.0,57.61,4437327,3.1,Democrat,Split,False
Iowa,2022,True,2016.0,63.27,4481700,3.0,Republican,Republican,False
Iowa,2023,True,2016.0,54.8,4526517,5.8,Republican,Split,False
Kansas,2000,False,2007.0,35.65,28965797,4.5,Republican,Democrat,False
Kansas,2001,False,2007.0,47.3,29255454,7.3,Democrat,Democrat,False
Kansas,2002,False,2007.0,42.62,29548009,3.0,Democrat,Democrat,False
Kansas,2003,False,2007.0,42.49,29843489,5.7,Democrat,Democrat,False
Kansas,2004,False,2007.0,48.52,30141924,8.3,Democrat,Democrat,False
Kansas,2005,False,2007.0,56.44,30443343,4.9,Democrat,Republican,False
Kansas,2006,False,2007.0,64.66,30747777,7.8,Democrat,Republican,False
Kansas,2007,True,2007.0,47.34,31055254,2.9,Democrat,Split,False
Kansas,2008,True,2007.0,51.46,31365807,5.2,Democrat,Democrat,False
Kansas,2009,True,2007.0,50.22,31679465,5.0,Republican,Democrat,False
Kansas,2010,True,2007.0,63.44,31996260,7.0,Democrat,Democrat,False
Kansas,2011,True,2007.0,64.65,32316222,5.1,Democrat,Republican,False
Kansas,2012,True,2007.0,60.5,32639385,7.5,Democrat,Republican,False
Kansas,2013,True,2007.0,62.68,32965778,7.3,Republican,Republican,False
Kansas,2014,True,2007.0,66.54,33295436,6.0,Democrat,Republican,False
Kansas,2015,True,2007.0,70.97,33628391,5.7,Republican,Democrat,False
Kansas,2016,True,2007.0,62.35,33964674,7.0,Democrat,Democrat,False
Kansas,2017,True,2007.0,59.21,34304321,6.4,Republican,Republican,False
Kansas,2018,True,2007.0,66.21,34647364,4.7,Republican,Split,False
Kansas,2019,True,2007.0,63.06,34993838,3.3,Republican,Republican,False
Kansas,2020,True,2007.0,56.32,35343776,6.7,Republican,Democrat,False
Kansas,2021,True,2007.0,64.97,35697214,4.9,Democrat,Democrat,False
Kansas,2022,True,2007.0,61.41,36054186,3.0,Democrat,Split,False
Kansas,2023,True,2007.0,60.66,36414728,3.8,Democrat,Democrat,False
Kentucky,2000,False,,48.78,33742121,9.2,Democrat,Democrat,False
Kentucky,2001,False,,45.72,34079542,5.0,Republican,Split,False
Kentucky,2002,False,,46.12,34420337,5.6,Republican,Democrat,False
Kentucky,2003,False,,56.32,34764541,4.7,Democrat,Split,False
Kentucky,2004,False,,55.66,35112186,5.8,Republican,Split,False
Kentucky,2005,False,,59.81,35463308,4.7,Democrat,Split,False
Kentucky,2006,False,,40.0,35817941,5.7,Democrat,Republican,False
Kentucky,2007,False,,45.71,36176120,5.0,Republican,Split,False
Kentucky,2008,False,,45.49,36537881,4.8,Democrat,Republican,False
Kentucky,2009,False,,42.07,36903260,3.7,Democrat,Democrat,False
Kentucky,2010,False,,56.03,37272293,5.9,Democrat,Democrat,False
Kentucky,2011,False,,58.23,37645016,5.2,Democrat,Democrat,False
Kentucky,2012,False,,58.67,38021466,3.9,Republican,Democrat,False
Kentucky,2013,False,,50.68,38401681,2.9,Democrat,Republican,False
Kentucky,2014,False,,56.71,38785697,6.8,Democrat,Republican,False
Kentucky,2015,False,,47.02,39173554,4.4,Republican,Democrat,False
Kentucky,2016,False,,43.21,39565290,8.4,Democrat,Republican,False
Kentucky,2017,False,,55.5,39960943,5.1,Republican,Republican,False
Kentucky,2018,False,,45.25,40360552,5.7,Republican,Republican,False
Kentucky,2019,False,,47.3,40764158,5.9,Republican,Democrat,False
Kentucky,2020,False,,60.9,41171799,6.4,Democrat,Democrat,False
Kentucky,2021,False,,61.93,41583517,5.6,Republican,Republican,False
Kentucky,2022,False,,56.61,41999353,6.7,Republican,Republican,False
Kentucky,2023,False,,57.7,42419346,8.0,Democrat,Democrat,False
Louisiana,2000,False,2013.0,49.98,8472368,3.8,Democrat,Democrat,False
Louisiana,2001,False,2013.0,50.9,8557091,4.2,Republican,Democrat,False
Louisiana,2002,False,2013.0,56.49,8642662,4.5,Republican,Split,False
Louisiana,2003,False,2013.0,61.04,8729089,2.5,Republican,Split,False
Louisiana,2004,False,2013.0,56.17,8816380,6.2,Republican,Republican,False
Louisiana,2005,False,2013.0,56.58,8904543,3.1,Republican,Republican,False
Louisiana,2006,False,2013.0,61.97,8993589,3.6,Democrat,Republican,False
Louisiana,2007,False,2013.0,43.77,9083525,6.4,Republican,Democrat,False
Louisiana,2008,False,2013.0,49.63,9174360,6.5,Democrat,Republican,False
Louisiana,2009,False,2013.0,44.84,9266104,7.3,Democrat,Republican,False
Louisiana,2010,False,2013.0,58.52,9358765,6.5,Republican,Republican,False
Louisiana,2011,False,2013.0,57.6,9452352,2.9,Republican,Split,False
Louisiana,2012,False,2013.0,42.04,9546876,3.0,Republican,Democrat,False
Louisiana,2013,True,2013.0,54.31,9642345,5.1,Democrat,Republican,False
Louisiana,2014,True,2013.0,50.54,9738768,6.2,Democrat,Split,False
Louisiana,2015,True,2013.0,61.09,9836156,4.0,Democrat,Republican,False
Louisiana,2016,True,2013.0,41.95,9934517,4.1,Republican,Republican,False
Louisiana,2017,True,2013.0,60.16,10033862,3.4,Democrat,Democrat,False
Louisiana,2018,True,2013.0,68.4,10134201,7.4,Republican,Republican,False
Louisiana,2019,True,2013.0,64.56,10235543,7.4,Democrat,Democrat,False
Louisiana,2020,True,2013.0,55.96,10337899,2.7,Republican,Split,False
Louisiana,2021,True,2013.0,57.64,10441278,2.0,Democrat,Split,False
Louisiana,2022,True,2013.0,66.74,10545690,7.0,Republican,Split,False
Louisiana,2023,True,2013.0,49.59,10651147,3.8,Republican,Democrat,False
Maine,2000,False,2008.0,51.98,30071637,3.9,Republican,Republican,False
Maine,2001,False,2008.0,50.65,30372353,8.5,Democrat,Democrat,False
Maine,2002,False,2008.0,55.37,30676076,5.2,Republican,Republican,False
Maine,2003,False,2008.0,43.86,30982837,5.7,Democrat,Republican,False
Maine,2004,False,2008.0,40.89,31292666,5.2,Republican,Democrat,False
Maine,2005,False,2008.0,58.07,31605592,5.0,Republican,Democrat,False
Maine,2006,False,2008.0,55.17,31921648,5.3,Republican,Republican,False
Maine,2007,False,2008.0,43.93,32240865,3.4,Republican,Republican,False
Maine,2008,True,2008.0,51.95,32563273,7.0,Republican,Democrat,False
Maine,2009,True,2008.0,58.36,32888906,2.9,Democrat,Republican,False
Maine,2010,True,2008.0,61.42,33217795,4.0,Democrat,Republican,False
Maine,2011,True,2008.0,61.39,33549973,5.7,Democrat,Democrat,False
Maine,2012,True,2008.0,58.99,33885473,5.7,Democrat,Democrat,False
Maine,2013,True,2008.0,75.47,34224328,4.5,Republican,Republican,False
Maine,2014,True,2008.0,54.25,34566571,7.2,Republican,Republican,False
Maine,2015,True,2008.0,56.44,34912236,2.0,Republican,Split,False
Maine,2016,True,2008.0,59.66,35261359,5.9,Republican,Republican,False
Maine,2017,True,2008.0,52.12,35613972,6.5,Democrat,Democrat,False
Maine,2018,True,2008.0,75.5,35970112,7.3,Democrat,Republican,False
Maine,2019,True,2008.0,59.62,36329813,7.4,Democrat,Republican,False
Maine,2020,True,2008.0,61.59,36693111,6.5,Democrat,Republican,False
Maine,2021,True,2008.0,73.26,37060043,3.7,Democrat,Democrat,False
Maine,2022,True,2008.0,46.03,37430643,6.6,Republican,Split,False
Maine,2023,True,2008.0,72.19,37804949,4.7,Republican,Democrat,False
Maryland,2000,False,,40.52,3366069,8.6,Democrat,Democrat,False
Maryland,2001,False,,44.45,3399729,5.4,Democrat,Republican,False
Maryland,2002,False,,55.73,3433726,8.3,Republican,Democrat,False
Maryland,2003,False,,48.79,3468064,6.2,Democrat,Republican,False
Maryland,2004,False,,57.87,3502744,8.9,Republican,Democrat,False
Maryland,2005,False,,57.42,3537772,3.5,Republican,Democrat,False
Maryland,2006,False,,43.76,3573150,4.7,Democrat,Republican,False
Maryland,2007,False,,47.43,3608881,4.8,Democrat,Republican,False
Maryland,2008,False,,37.8,3644970,6.6,Republican,Republican,False
Maryland,2009,False,,66.47,3681420,6.0,Democrat,Republican,False
Maryland,2010,False,,46.37,3718234,7.7,Democrat,Democrat,False
Maryland,2011,False,,51.86,3755416,7.0,Democrat,Republican,False
Maryland,2012,False,,69.73,3792970,8.7,Republican,Republican,False
Maryland,2013,False,,61.38,3830900,6.1,Democrat,Republican,False
Maryland,2014,False,,52.66,3869209,7.1,Democrat,Republican,False
Maryland,2015,False,,40.9,3907901,4.1,Republican,Democrat,False
Maryland,2016,False,,50.41,3946980,5.0,Democrat,Republican,False
Maryland,2017,False,,43.91,3986450,4.6,Democrat,Democrat,False
Maryland,2018,False,,43.01,4026314,3.4,Democrat,Democrat,False
Maryland,2019,False,,61.79,4066578,5.3,Republican,Split,False
Maryland,2020,False,,30.95,4107243,4.7,Democrat,Split,False
Maryland,2021,False,,68.47,4148316,5.1,Republican,Split,False
Maryland,2022,False,,46.24,4189799,7.6,Republican,Democrat,False
Maryland,2023,False,,38.71,4231697,6.9,Republican,Republican,False
Massachusetts,2000,False,2013.0,47.71,9056135,8.8,Republican,Democrat,False
Massachusetts,2001,False,2013.0,53.39,9146696,5.6,Republican,Democrat,False
Massachusetts,2002,False,2013.0,40.25,9238163,2.9,Republican,Republican,False
Massachusetts,2003,False,2013.0,62.86,9330544,5.1,Democrat,Democrat,False
Massachusetts,2004,False,2013.0,55.15,9423850,6.5,Democrat,Republican,False
Massachusetts,2005,False,2013.0,50.2,9518088,5.4,Democrat,Democrat,False
Massachusetts,2006,False,2013.0,55.07,9613269,8.0,Democrat,Republican,False
Massachusetts,2007,False,2013.0,54.83,9709402,6.9,Democrat,Democrat,False
Massachusetts,2008,False,2013.0,49.24,9806496,8.2,Democrat,Democrat,False
Massachusetts,2009,False,2013.0,45.21,9904561,7.8,Republican,Republican,False
Massachusetts,2010,False,2013.0,40.49,10003607,7.0,Republican,Democrat,False
Massachusetts,2011,False,2013.0,40.27,10103643,4.2,Republican,Democrat,False
Massachusetts,2012,False,2013.0,56.17,10204679,6.9,Democrat,Democrat,False
Massachusetts,2013,True,2013.0,49.31,10306726,7.8,Republican,Democrat,False
Massachusetts,2014,True,2013.0,53.6,10409793,5.0,Republican,Republican,False
Massachusetts,2015,True,2013.0,47.44,10513891,5.1,Republican,Democrat,False
Massachusetts,2016,True,2013.0,53.53,10619030,3.5,Republican,Democrat,False
Massachusetts,2017,True,2013.0,66.13,10725220,5.8,Republican,Republican,False
Massachusetts,2018,True,2013.0,61.7,10832473,3.6,Republican,Republican,False
Massachusetts,2019,True,2013.0,63.38,10940797,7.4,Democrat,Democrat,False
Massachusetts,2020,True,2013.0,50.43,11050205,6.1,Republican,Democrat,False
Massachusetts,2021,True,2013.0,56.98,11160707,6.8,Democrat,Democrat,False
Massachusetts,2022,True,2013.0,60.36,11272314,5.7,Republican,Democrat,False
Massachusetts,2023,True,2013.0,62.93,11385038,5.3,Democrat,Split,False
Michigan,2000,False,2006.0,62.01,7171203,7.0,Democrat,Democrat,False
Michigan,2001,False,2006.0,45.77,7242915,6.3,Republican,Republican,False
Michigan,2002,False,2006.0,54.14,7315344,7.9,Democrat,Democrat,False
Michigan,2003,False,2006.0,42.41,7388497,5.7,Republican,Democrat,False
Michigan,2004,False,2006.0,62.54,7462382,7.3,Democrat,Split,False
Michigan,2005,False,2006.0,56.63,7537006,8.3,Republican,Democrat,False
Michigan,2006,True,2006.0,47.78,7612376,4.6,Democrat,Split,False
Michigan,2007,True,2006.0,57.69,7688500,2.7,Republican,Republican,False
Michigan,2008,True,2006.0,60.76,7765385,5.7,Democrat,Republican,False
Michigan,2009,True,2006.0,53.28,7843039,3.3,Republican,Democrat,False
Michigan,2010,True,2006.0,50.22,7921469,6.5,Democrat,Split,False
Michigan,2011,True,2006.0,66.64,8000684,6.3,Republican,Democrat,False
Michigan,2012,True,2006.0,66.35,8080691,7.9,Democrat,Split,False
Michigan,2013,True,2006.0,72.75,8161497,4.9,Republican,Democrat,False
Michigan,2014,True,2006.0,55.86,8243112,4.9,Democrat,Democrat,False
Michigan,2015,True,2006.0,74.89,8325544,2.0,Democrat,Republican,False
Michigan,2016,True,2006.0,61.86,8408799,2.8,Republican,Democrat,False
Michigan,2017,True,2006.0,66.31,8492887,7.3,Democrat,Republican,False
Michigan,2018,True,2006.0,72.09,8577816,5.0,Republican,Republican,False
Michigan,2019,True,2006.0,64.13,8663594,6.8,Democrat,Democrat,False
Michigan,2020,True,2006.0,51.49,8750230,7.5,Democrat,Republican,False
Michigan,2021,True,2006.0,73.56,8837732,4.8,Democrat,Split,False
Michigan,2022,True,2006.0,58.16,8926110,2.7,Republican,Democrat,False
Michigan,2023,True,2006.0,60.78,9015371,5.9,Republican,Republican,False
Minnesota,2000,False,2019.0,43.67,36352337,2.6,Democrat,Republican,False
Minnesota,2001,False,2019.0,38.35,36715860,3.8,Republican,Democrat,False
Minnesota,2002,False,2019.0,44.76,37083018,3.7,Republican,Split,False
Minnesota,2003,False,2019.0,41.99,37453849,2.0,Democrat,Split,False
Minnesota,2004,False,2019.0,49.85,37828387,4.7,Democrat,Republican,False
Minnesota,2005,False,2019.0,46.4,38206671,2.0,Democrat,Republican,False
Minnesota,2006,False,2019.0,65.45,38588738,5.8,Democrat,Democrat,False
Minnesota,2007,False,2019.0,48.11,38974625,5.8,Democrat,Split,False
Minnesota,2008,False,2019.0,56.39,39364371,5.7,Republican,Democrat,False
Minnesota,2009,False,2019.0,60.52,39758015,4.5,Republican,Democrat,False
Minnesota,2010,False,2019.0,46.62,40155595,3.9,Democrat,Democrat,False
Minnesota,2011,False,2019.0,55.74,40557151,2.1,Democrat,Republican,False
Minnesota,2012,False,2019.0,42.14,40962723,3.0,Republican,Split,False
Minnesota,2013,False,2019.0,58.18,41372350,7.7,Republican,Republican,False
Minnesota,2014,False,2019.0,39.28,41786073,5.0,Democrat,Democrat,False
Minnesota,2015,False,2019.0,41.88,42203934,5.7,Democrat,Republican,False
Minnesota,2016,False,2019.0,44.92,42625974,3.3,Democrat,Democrat,False
Minnesota,2017,False,2019.0,39.49,43052233,4.6,Republican,Split,False
Minnesota,2018,False,2019.0,45.66,43482756,3.8,Democrat,Democrat,False
Minnesota,2019,True,2019.0,53.92,43917583,6.7,Republican,Democrat,False
Minnesota,2020,True,2019.0,44.26,44356759,7.9,Republican,Republican,False
Minnesota,2021,True,2019.0,55.13,44800327,7.0,Democrat,Democrat,False
Minnesota,2022,True,2019.0,46.65,45248330,3.2,Republican,Split,False
Minnesota,2023,True,2019.0,48.72,45700813,2.0,Republican,Democrat,False
Mississippi,2000,False,2016.0,49.37,7539879,4.0,Democrat,Republican,False
Mississippi,2001,False,2016.0,62.37,7615277,2.9,Democrat,Democrat,False
Mississippi,2002,False,2016.0,53.38,7691430,5.0,Democrat,Republican,False
Mississippi,2003,False,2016.0,53.49,7768344,3.2,Democrat,Republican,False
Mississippi,2004,False,2016.0,52.5,7846028,7.3,Democrat,Split,False
Mississippi,2005,False,2016.0,54.16,7924488,5.3,Democrat,Republican,False
Mississippi,2006,False,2016.0,56.75,8003733,2.0,Republican,Split,False
Mississippi,2007,False,2016.0,42.3,8083770,4.6,Republican,Republican,False
Mississippi,2008,False,2016.0,38.28,8164608,6.1,Republican,Democrat,False
Mississippi,2009,False,2016.0,62.75,8246254,7.2,Democrat,Split,False
Mississippi,2010,False,2016.0,66.65,8328717,2.3,Republican,Split,False
Mississippi,2011,False,2016.0,38.16,8412004,8.7,Republican,Republican,False
Mississippi,2012,False,2016.0,49.33,8496124,5.9,Republican,Democrat,False
Mississippi,2013,False,2016.0,42.94,8581085,2.5,Democrat,Democrat,False
Mississippi,2014,False,2016.0,53.7,8666896,4.5,Republican,Democrat,False
Mississippi,2015,False,2016.0,54.35,8753565,7.9,Democrat,Split,False
Mississippi,2016,True,2016.0,42.84,8841101,4.4,Democrat,Democrat,False
Mississippi,2017,True,2016.0,55.66,8929512,9.3,Republican,Democrat,False
Mississippi,2018,True,2016.0,54.17,9018807,3.7,Republican,Split,False
Mississippi,2019,True,2016.0,55.54,9108995,5.9,Republican,Republican,False
Mississippi,2020,True,2016.0,48.51,9200085,5.7,Republican,Democrat,False
Mississippi,2021,True,2016.0,72.74,9292086,6.9,Republican,Republican,False
Mississippi,2022,True,2016.0,43.46,9385006,3.0,Democrat,Republican,False
Mississippi,2023,True,2016.0,74.42,9478857,6.5,Republican,Republican,False
Missouri,2000,False,2019.0,57.94,31956964,8.0,Republican,Democrat,False
Missouri,2001,False,2019.0,41.64,32276533,4.0,Democrat,Democrat,False
Missouri,2002,False,2019.0,37.0,32599298,5.4,Democrat,Democrat,False
Missouri,2003,False,2019.0,57.96,32925291,2.6,Democrat,Split,False
Missouri,2004,False,2019.0,52.07,33254544,4.4,Republican,Democrat,False
Missouri,2005,False,2019.0,53.15,33587090,6.1,Republican,Republican,False
Missouri,2006,False,2019.0,43.17,33922961,2.0,Democrat,Democrat,False
Missouri,2007,False,2019.0,51.43,34262190,5.9,Democrat,Split,False
Missouri,2008,False,2019.0,45.76,34604812,7.6,Democrat,Democrat,False
Missouri,2009,False,2019.0,58.26,34950860,6.4,Democrat,Democrat,False
Missouri,2010,False,2019.0,48.61,35300369,5.9,Republican,Split,False
Missouri,2011,False,2019.0,36.62,35653373,6.2,Republican,Republican,False
Missouri,2012,False,2019.0,52.65,36009906,4.5,Republican,Democrat,False
Missouri,2013,False,2019.0,38.14,36370005,9.1,Republican,Split,False
Missouri,2014,False,2019.0,49.06,36733706,7.3,Republican,Split,False
Missouri,2015,False,2019.0,38.06,37101043,5.4,Democrat,Democrat,False
Missouri,2016,False,2019.0,45.48,37472053,5.4,Democrat,Republican,False
Missouri,2017,False,2019.0,58.42,37846774,2.4,Republican,Republican,False
Missouri,2018,False,2019.0,45.86,38225241,7.5,Democrat,Split,False
Missouri,2019,True,2019.0,49.07,38607494,3.2,Republican,Republican,False
Missouri,2020,True,2019.0,54.98,38993569,2.3,Republican,Democrat,False
Missouri,2021,True,2019.0,63.79,39383504,6.0,Democrat,Republican,False
Missouri,2022,True,2019.0,62.46,39777339,4.1,Republican,Split,False
Missouri,2023,True,2019.0,54.26,40175113,4.7,Democrat,Republican,False
Montana,2000,False,2021.0,48.72,6757838,4.4,Republican,Republican,False
Montana,2001,False,2021.0,44.55,6825416,5.1,Democrat,Republican,False
Montana,2002,False,2021.0,31.93,6893670,3.2,Democrat,Republican,False
Montana,2003,False,2021.0,60.76,6962607,4.0,Democrat,Republican,False
Montana,2004,False,2021.0,49.69,7032233,6.5,Republican,Republican,False
Montana,2005,False,2021.0,57.37,7102555,8.1,Republican,Republican,False
Montana,2006,False,2021.0,47.59,7173581,3.6,Republican,Split,False
Montana,2007,False,2021.0,58.5,7245317,8.8,Democrat,Republican,False
Montana,2008,False,2021.0,47.61,7317770,4.6,Republican,Democrat,False
Montana,2009,False,2021.0,57.72,7390947,4.2,Democrat,Democrat,False
Montana,2010,False,2021.0,53.93,7464857,2.1,Democrat,Republican,False
Montana,2011,False,2021.0,54.14,7539505,4.4,Republican,Democrat,False
Montana,2012,False,2021.0,64.28,7614901,6.8,Republican,Republican,False
Montana,2013,False,2021.0,48.16,7691050,3.1,Democrat,Democrat,False
Montana,2014,False,2021.0,49.74,7767960,3.6,Democrat,Republican,False
Montana,2015,False,2021.0,40.08,7845640,5.5,Republican,Democrat,False
Montana,2016,False,2021.0,55.48,7924096,2.3,Democrat,Republican,False
Montana,2017,False,2021.0,46.08,8003337,6.5,Democrat,Democrat,False
Montana,2018,False,2021.0,48.16,8083370,2.0,Democrat,Democrat,False
Montana,2019,False,2021.0,46.55,8164204,6.8,Democrat,Split,False
Montana,2020,False,2021.0,46.18,8245846,6.7,Republican,Republican,False
Montana,2021,True,2021.0,61.76,8328305,5.2,Democrat,Republican,False
Montana,2022,True,2021.0,53.59,8411588,5.2,Republican,Republican,False
Montana,2023,True,2021.0,61.81,8495704,7.3,Republican,Democrat,False
Nebraska,2000,False,2012.0,53.23,8694253,2.3,Republican,Democrat,False
Nebraska,2001,False,2012.0,61.43,8781195,8.4,Republican,Democrat,False
Nebraska,2002,False,2012.0,38.96,8869007,4.6,Republican,Republican,False
Nebraska,2003,False,2012.0,61.29,8957697,3.9,Democrat,Split,False
Nebraska,2004,False,2012.0,58.52,9047274,5.4,Republican,Democrat,False
Nebraska,2005,False,2012.0,49.57,9137747,5.6,Democrat,Republican,False
Nebraska,2006,False,2012.0,58.7,9229124,7.5,Democrat,Democrat,False
Nebraska,2007,False,2012.0,35.23,9321416,5.6,Democrat,Split,False
Nebraska,2008,False,2012.0,37.93,9414630,6.2,Democrat,Republican,False
Nebraska,2009,False,2012.0,67.79,9508776,4.7,Republican,Democrat,False
Nebraska,2010,False,2012.0,52.18,9603864,5.2,Republican,Republican,False
Nebraska,2011,False,2012.0,59.25,9699902,7.8,Democrat,Republican,False
Nebraska,2012,True,2012.0,53.63,9796901,5.8,Democrat,Republican,False
Nebraska,2013,True,2012.0,47.85,9894870,2.6,Democrat,Democrat,False
Nebraska,2014,True,2012.0,59.8,9993819,7.7,Republican,Democrat,False
Nebraska,2015,True,2012.0,42.35,10093757,4.4,Democrat,Republican,False
Nebraska,2016,True,2012.0,57.14,10194695,3.3,Democrat,Split,False
Nebraska,2017,True,2012.0,56.55,10296642,3.7,Democrat,Democrat,False
Nebraska,2018,True,2012.0,64.91,10399608,8.2,Republican,Split,False
Nebraska,2019,True,2012.0,54.05,10503604,8.6,Democrat,Democrat,False
Nebraska,2020,True,2012.0,49.38,10608640,2.4,Democrat,Republican,False
Nebraska,2021,True,2012.0,67.34,10714727,6.7,Democrat,Republican,False
Nebraska,2022,True,2012.0,51.97,10821874,5.7,Democrat,Republican,False
Nebraska,2023,True,2012.0,63.04,10930093,3.4,Democrat,Republican,False
Nevada,2000,False,,58.38,22548729,3.9,Republican,Democrat,False
Nevada,2001,False,,56.7,22774216,3.8,Democrat,Republican,False
Nevada,2002,False,,40.56,23001958,6.2,Democrat,Democrat,False
Nevada,2003,False,,55.03,23231978,8.4,Democrat,Republican,False
Nevada,2004,False,,33.12,23464297,3.4,Republican,Democrat,False
Nevada,2005,False,,56.79,23698940,3.4,Republican,Democrat,False
Nevada,2006,False,,43.26,23935930,6.9,Republican,Republican,False
Nevada,2007,False,,49.77,24175289,2.0,Republican,Republican,False
Nevada,2008,False,,56.19,24417042,3.6,Republican,Republican,False
Nevada,2009,False,,52.05,24661212,6.4,Democrat,Democrat,False
Nevada,2010,False,,61.16,24907824,5.3,Democrat,Republican,False
Nevada,2011,False,,43.02,25156903,7.4,Republican,Democrat,False
Nevada,2012,False,,58.92,25408472,4.2,Democrat,Republican,False
Nevada,2013,False,,55.84,25662556,2.0,Republican,Democrat,False
Nevada,2014,False,,44.91,25919182,5.9,Democrat,Republican,False
Nevada,2015,False,,40.6,26178374,7.4,Republican,Republican,False
Nevada,2016,False,,54.74,26440158,8.6,Democrat,Republican,False
Nevada,2017,False,,52.26,26704559,3.3,Democrat,Republican,False
Nevada,2018,False,,39.61,26971605,4.0,Republican,Democrat,False
Nevada,2019,False,,64.11,27241321,4.3,Democrat,Democrat,False
Nevada,2020,False,,52.84,27513734,4.7,Democrat,Democrat,False
Nevada,2021,False,,45.65,27788871,6.5,Republican,Split,False
Nevada,2022,False,,47.7,28066760,7.0,Republican,Republican,False
Nevada,2023,False,,61.76,28347428,6.9,Democrat,Democrat,False
New Hampshire,2000,False,2014.0,56.17,34011963,5.4,Republican,Split,False
New Hampshire,2001,False,2014.0,41.31,34352082,8.9,Republican,Democrat,False
New Hampshire,2002,False,2014.0,52.72,34695603,4.8,Republican,Democrat,False
New Hampshire,2003,False,2014.0,50.78,35042559,5.3,Democrat,Republican,False
New Hampshire,2004,False,2014.0,46.8,35392985,6.5,Democrat,Democrat,False
New Hampshire,2005,False,2014.0,32.76,35746914,6.1,Democrat,Republican,False
New Hampshire,2006,False,2014.0,54.29,36104384,6.5,Republican,Democrat,False
New Hampshire,2007,False,2014.0,47.84,36465427,3.0,Democrat,Democrat,False
New Hampshire,2008,False,2014.0,51.79,36830082,5.6,Republican,Split,False
New Hampshire,2009,False,2014.0,60.22,37198383,8.7,Republican,Democrat,False
New Hampshire,2010,False,2014.0,42.18,37570366,5.3,Republican,Republican,False
New Hampshire,2011,False,2014.0,51.07,37946070,4.2,Democrat,Republican,False
New Hampshire,2012,False,2014.0,56.71,38325531,2.4,Republican,Democrat,False
New Hampshire,2013,False,2014.0,46.32,38708786,4.4,Democrat,Split,False
New Hampshire,2014,True,2014.0,58.58,39095874,3.6,Democrat,Democrat,False
New Hampshire,2015,True,2014.0,58.13,39486833,8.2,Republican,Republican,False
New Hampshire,2016,True,2014.0,55.67,39881701,3.7,Democrat,Democrat,False
New Hampshire,2017,True,2014.0,54.12,40280518,4.9,Republican,Democrat,False
New Hampshire,2018,True,2014.0,64.25,40683323,8.3,Republican,Democrat,False
New Hampshire,2019,True,2014.0,66.67,41090156,6.3,Republican,Democrat,False
New Hampshire,2020,True,2014.0,55.6,41501058,5.8,Republican,Democrat,False
New Hampshire,2021,True,2014.0,58.58,41916069,6.1,Republican,Republican,False
New Hampshire,2022,True,2014.0,50.19,42335229,8.8,Democrat,Split,False
New Hampshire,2023,True,2014.0,46.4,42758582,6.2,Republican,Democrat,False
New Jersey,2000,False,2022.0,58.21,18886641,4.8,Republican,Split,False
New Jersey,2001,False,2022.0,42.5,19075507,7.3,Democrat,Democrat,False
New Jersey,2002,False,2022.0,67.11,19266262,5.7,Republican,Republican,False
New Jersey,2003,False,2022.0,52.63,19458925,8.5,Democrat,Split,False
New Jersey,2004,False,2022.0,61.82,19653514,5.6,Democrat,Republican,False
New Jersey,2005,False,2022.0,46.92,19850049,3.9,Republican,Split,False
New Jersey,2006,False,2022.0,56.37,20048549,4.0,Republican,Democrat,False
New Jersey,2007,False,2022.0,41.35,20249035,7.3,Democrat,Democrat,False
New Jersey,2008,False,2022.0,59.79,20451525,8.4,Republican,Split,False
New Jersey,2009,False,2022.0,52.47,20656041,4.5,Republican,Split,False
New Jersey,2010,False,2022.0,51.33,20862601,5.2,Democrat,Republican,False
New Jersey,2011,False,2022.0,47.08,21071227,5.4,Republican,Republican,False
New Jersey,2012,False,2022.0,41.98,21281939,6.6,Democrat,Democrat,False
New Jersey,2013,False,2022.0,47.77,21494759,7.7,Democrat,Democrat,False
New Jersey,2014,False,2022.0,51.29,21709706,4.5,Democrat,Democrat,False
New Jersey,2015,False,2022.0,47.78,21926803,6.1,Democrat,Republican,False
New Jersey,2016,False,2022.0,43.47,22146071,8.8,Republican,Republican,False
New Jersey,2017,False,2022.0,57.09,22367532,4.4,Republican,Republican,False
New Jersey,2018,False,2022.0,46.59,22591207,6.6,Democrat,Republican,False
New Jersey,2019,False,2022.0,46.3,22817120,5.5,Republican,Split,False
New Jersey,2020,False,2022.0,51.27,23045291,4.5,Republican,Democrat,False
New Jersey,2021,False,2022.0,54.98,23275744,5.8,Republican,Split,False
New Jersey,2022,True,2022.0,54.22,23508501,4.4,Democrat,Republican,False
New Jersey,2023,True,2022.0,39.25,23743586,5.3,Republican,Split,False
New Mexico,2000,False,,45.28,29663760,2.3,Republican,Republican,False
New Mexico,2001,False,,50.49,29960397,5.2,Democrat,Democrat,False
New Mexico,2002,False,,48.6,30260001,8.5,Democrat,Republican,False
New Mexico,2003,False,,42.64,30562601,7.5,Republican,Republican,False
New Mexico,2004,False,,48.81,30868227,8.5,Republican,Democrat,False
New Mexico,2005,False,,52.13,31176909,3.7,Democrat,Split,False
New Mexico,2006,False,,51.79,31488678,5.2,Democrat,Democrat,False
New Mexico,2007,False,,47.46,31803565,5.7,Republican,Democrat,False
New Mexico,2008,False,,47.52,32121601,4.4,Republican,Split,False
New Mexico,2009,False,,52.33,32442817,5.1,Republican,Democrat,False
New Mexico,2010,False,,56.17,32767245,9.5,Republican,Democrat,False
New Mexico,2011,False,,67.02,33094918,5.4,Democrat,Democrat,False
New Mexico,2012,False,,59.91,33425867,8.4,Democrat,Democrat,False
New Mexico,2013,False,,54.73,33760125,4.9,Republican,Split,False
New Mexico,2014,False,,57.71,34097727,6.0,Democrat,Democrat,False
New Mexico,2015,False,,36.77,34438704,2.0,Republican,Democrat,False
New Mexico,2016,False,,53.77,34783091,3.3,Democrat,Split,False
New Mexico,2017,False,,58.09,35130922,3.4,Democrat,Republican,False
New Mexico,2018,False,,48.47,35482231,5.7,Republican,Republican,False
New Mexico,2019,False,,45.62,35837053,4.9,Republican,Republican,False
New Mexico,2020,False,,63.15,36195424,6.5,Democrat,Republican,False
New Mexico,2021,False,,40.21,36557378,3.6,Democrat,Democrat,False
New Mexico,2022,False,,49.73,36922952,3.1,Democrat,Republican,False
New Mexico,2023,False,,51.36,37292182,7.2,Democrat,Republican,False
New York,2000,False,,59.88,29205554,6.5,Republican,Democrat,False
New York,2001,False,,51.45,29497609,6.2,Democrat,Split,False
New York,2002,False,,42.43,29792585,4.9,Republican,Democrat,False
New York,2003,False,,42.15,30090511,6.8,Democrat,Republican,False
New York,2004,False,,58.68,30391416,5.2,Democrat,Democrat,False
New York,2005,False,,44.75,30695330,6.1,Democrat,Democrat,False
New York,2006,False,,57.86,31002284,5.0,Republican,Republican,True
New York,2007,False,,56.87,31312306,5.2,Democrat,Republican,True
New York,2008,False,,50.64,31625429,6.9,Democrat,Democrat,True
New York,2009,False,,44.01,31941684,5.9,Democrat,Democrat,True
New York,2010,False,,60.1,32261101,5.0,Democrat,Republican,True
New York,2011,False,,44.31,32583712,7.0,Republican,Democrat,True
New York,2012,False,,48.14,32909549,5.6,Republican,Republican,True
New York,2013,False,,68.06,33238644,6.6,Democrat,Democrat,True
New York,2014,False,,53.1,33571031,5.0,Republican,Democrat,True
New York,2015,False,,49.04,33906741,5.6,Democrat,Split,True
New York,2016,False,,59.7,34245808,8.1,Republican,Democrat,True
New York,2017,False,,38.33,34588267,9.2,Republican,Democrat,True
New York,2018,False,,47.29,34934149,8.9,Republican,Republican,True
New York,2019,False,,49.64,35283491,2.7,Democrat,Republican,True
New York,2020,False,,61.25,35636326,6.3,Republican,Republican,True
New York,2021,False,,44.46,35992689,4.2,Republican,Democrat,True
New York,2022,False,,58.54,36352616,3.0,Republican,Democrat,True
New York,2023,False,,57.68,36716142,2.3,Republican,Republican,True
North Carolina,2000,False,,48.22,37425916,7.3,Republican,Republican,False
North Carolina,2001,False,,56.88,37800175,5.7,Democrat,Republican,False
North Carolina,2002,False,,44.23,38178176,6.9,Democrat,Split,False
North Carolina,2003,False,,36.67,38559958,5.7,Democrat,Democrat,False
North Carolina,2004,False,,39.61,38945558,3.3,Republican,Democrat,False
North Carolina,2005,False,,45.28,39335013,2.6,Republican,Republican,False
North Carolina,2006,False,,48.58,39728363,5.8,Democrat,Democrat,False
North Carolina,2007,False,,53.31,40125647,8.4,Republican,Republican,False
North Carolina,2008,False,,39.29,40526904,7.1,Republican,Democrat,False
North Carolina,2009,False,,52.02,40932173,4.5,Democrat,Democrat,False
North Carolina,2010,False,,53.68,41341494,5.7,Republican,Democrat,False
North Carolina,2011,False,,42.49,41754909,6.4,Republican,Split,False
North Carolina,2012,False,,49.83,42172458,8.2,Republican,Republican,False
North Carolina,2013,False,,49.64,42594183,4.5,Republican,Democrat,False
North Carolina,2014,False,,34.11,43020125,3.0,Democrat,Republican,False
North Carolina,2015,False,,34.38,43450326,6.7,Democrat,Split,False
North Carolina,2016,False,,50.98,43884829,3.3,Republican,Republican,False
North Carolina,2017,False,,50.71,44323678,7.5,Republican,Republican,False
North Carolina,2018,False,,48.8,44766914,6.7,Democrat,Democrat,False
North Carolina,2019,False,,58.32,45214584,4.9,Republican,Republican,False
North Carolina,2020,False,,51.96,45666729,3.3,Democrat,Republican,False
North Carolina,2021,False,,59.9,46123397,9.1,Republican,Republican,False
North Carolina,2022,False,,34.5,46584631,4.0,Republican,Split,False
North Carolina,2023,False,,57.4,47050477,8.6,Republican,Democrat,False
North Dakota,2000,False,2020.0,49.28,1981177,6.3,Republican,Democrat,False
North Dakota,2001,False,2020.0,42.59,2000988,7.3,Democrat,Democrat,False
North Dakota,2002,False,2020.0,50.07,2020998,6.7,Republican,Split,False
North Dakota,2003,False,2020.0,59.56,2041208,3.3,Republican,Democrat,False
North Dakota,2004,False,2020.0,48.2,2061620,4.2,Republican,Democrat,False
North Dakota,2005,False,2020.0,54.93,2082236,3.7,Democrat,Republican,False
North Dakota,2006,False,2020.0,40.22,2103059,7.2,Democrat,Republican,False
North Dakota,2007,False,2020.0,52.57,2124089,5.8,Republican,Republican,False
North Dakota,2008,False,2020.0,52.09,2145330,6.0,Republican,Republican,False
North Dakota,2009,False,2020.0,50.86,2166784,3.4,Republican,Democrat,False
North Dakota,2010,False,2020.0,42.35,2188451,6.0,Democrat,Split,False
North Dakota,2011,False,2020.0,42.65,2210336,5.5,Republican,Republican,False
North Dakota,2012,False,2020.0,45.66,2232439,8.1,Republican,Republican,False
North Dakota,2013,False,2020.0,53.7,2254764,4.7,Republican,Republican,False
North Dakota,2014,False,2020.0,46.92,2277311,8.5,Democrat,Republican,False
North Dakota,2015,False,2020.0,51.79,2300084,7.8,Republican,Republican,False
North Dakota,2016,False,2020.0,34.36,2323085,6.8,Democrat,Democrat,False
North Dakota,2017,False,2020.0,56.77,2346316,7.9,Democrat,Republican,False
North Dakota,2018,False,2020.0,55.49,2369779,6.8,Democrat,Republican,False
North Dakota,2019,False,2020.0,43.79,2393477,2.3,Republican,Democrat,False
North Dakota,2020,True,2020.0,48.95,2417412,5.0,Democrat,Republican,False
North Dakota,2021,True,2020.0,64.41,2441586,5.6,Republican,Split,False
North Dakota,2022,True,2020.0,52.9,2466002,7.4,Democrat,Democrat,False
North Dakota,2023,True,2020.0,46.44,2490662,4.7,Republican,Split,False
Ohio,2000,False,2018.0,42.64,25613778,7.0,Democrat,Split,False
Ohio,2001,False,2018.0,42.39,25869915,6.6,Republican,Democrat,False
Ohio,2002,False,2018.0,40.31,26128614,2.0,Republican,Democrat,False
Ohio,2003,False,2018.0,34.21,26389901,2.6,Democrat,Split,False
Ohio,2004,False,2018.0,48.93,26653800,7.2,Republican,Democrat,False
Ohio,2005,False,2018.0,60.29,26920338,5.2,Democrat,Republican,False
Ohio,2006,False,2018.0,42.28,27189541,4.9,Democrat,Republican,False
Ohio,2007,False,2018.0,55.7,27461436,5.6,Republican,Republican,False
Ohio,2008,False,2018.0,44.23,27736051,5.7,Republican,Republican,False
Ohio,2009,False,2018.0,52.7,28013411,6.7,Democrat,Democrat,False
Ohio,2010,False,2018.0,48.81,28293545,8.6,Republican,Republican,False
Ohio,2011,False,2018.0,41.5,28576481,2.0,Democrat,Democrat,False
Ohio,2012,False,2018.0,50.81,28862246,6.6,Democrat,Democrat,False
Ohio,2013,False,2018.0,63.06,29150868,5.2,Democrat,Republican,False
Ohio,2014,False,2018.0,48.94,29442377,5.6,Republican,Democrat,False
Ohio,2015,False,2018.0,61.23,29736801,6.2,Republican,Republican,False
Ohio,2016,False,2018.0,42.56,30034169,4.6,Republican,Republican,False
Ohio,2017,False,2018.0,56.94,30334510,3.1,Democrat,Split,False
Ohio,2018,True,2018.0,51.4,30637855,4.5,Democrat,Democrat,False
Ohio,2019,True,2018.0,46.23,30944234,5.6,Republican,Democrat,False
Ohio,2020,True,2018.0,42.23,31253676,6.0,Democrat,Republican,False
Ohio,2021,True,2018.0,64.26,31566213,3.7,Republican,Republican,False
Ohio,2022,True,2018.0,54.53,31881875,7.7,Republican,Republican,False
Ohio,2023,True,2018.0,59.12,32200694,3.8,Republican,Split,False
Oklahoma,2000,False,2012.0,44.75,29915310,8.0,Democrat,Split,False
Oklahoma,2001,False,2012.0,59.06,30214463,6.6,Democrat,Democrat,False
Oklahoma,2002,False,2012.0,34.87,30516607,2.9,Republican,Republican,False
Oklahoma,2003,False,2012.0,60.6,30821773,6.4,Democrat,Republican,False
Oklahoma,2004,False,2012.0,53.95,31129991,5.4,Republican,Republican,False
Oklahoma,2005,False,2012.0,51.2,31441291,7.0,Democrat,Split,False
Oklahoma,2006,False,2012.0,55.91,31755704,4.8,Democrat,Split,False
Oklahoma,2007,False,2012.0,52.09,32073261,7.9,Republican,Republican,False
Oklahoma,2008,False,2012.0,46.3,32393994,6.8,Democrat,Split,False
Oklahoma,2009,False,2012.0,67.4,32717933,7.4,Democrat,Republican,False
Oklahoma,2010,False,2012.0,49.59,33045113,6.7,Republican,Republican,False
Oklahoma,2011,False,2012.0,59.55,33375564,3.2,Democrat,Democrat,False
Oklahoma,2012,True,2012.0,47.81,33709320,6.9,Democrat,Split,False
Oklahoma,2013,True,2012.0,47.02,34046413,4.8,Republican,Democrat,False
Oklahoma,2014,True,2012.0,60.77,34386877,3.9,Republican,Split,False
Oklahoma,2015,True,2012.0,55.44,34730746,6.7,Republican,Democrat,False
Oklahoma,2016,True,2012.0,55.55,35078053,6.0,Democrat,Republican,False
Oklahoma,2017,True,2012.0,62.69,35428834,7.0,Republican,Democrat,False
Oklahoma,2018,True,2012.0,58.62,35783122,6.9,Republican,Republican,False
Oklahoma,2019,True,2012.0,54.41,36140953,3.7,Republican,Democrat,False
Oklahoma,2020,True,2012.0,57.65,36502363,6.0,Republican,Split,False
Oklahoma,2021,True,2012.0,59.69,36867386,4.6,Democrat,Split,False
Oklahoma,2022,True,2012.0,67.49,37236060,2.0,Democrat,Republican,False
Oklahoma,2023,True,2012.0,56.52,37608421,2.6,Democrat,Democrat,False
Oregon,2000,False,,37.42,23094892,3.9,Republican,Republican,False
Oregon,2001,False,,45.66,23325840,4.7,Republican,Democrat,False
Oregon,2002,False,,58.91,23559099,3.0,Democrat,Democrat,False
Oregon,2003,False,,61.64,23794690,5.0,Republican,Democrat,False
Oregon,2004,False,,55.32,24032637,6.3,Democrat,Split,False
Oregon,2005,False,,55.02,24272963,7.2,Republican,Democrat,False
Oregon,2006,False,,64.97,24515693,3.9,Republican,Republican,False
Oregon,2007,False,,48.28,24760850,8.1,Republican,Republican,False
Oregon,2008,False,,44.76,25008458,9.0,Republican,Democrat,False
Oregon,2009,False,,54.85,25258543,3.9,Democrat,Republican,False
Oregon,2010,False,,46.49,25511128,4.1,Republican,Split,False
Oregon,2011,False,,43.91,25766239,8.0,Democrat,Split,False
Oregon,2012,False,,46.07,26023902,6.4,Republican,Split,False
Oregon,2013,False,,65.52,26284141,2.3,Republican,Split,False
Oregon,2014,False,,51.94,26546982,4.6,Democrat,Democrat,False
Oregon,2015,False,,57.34,26812452,6.3,Republican,Republican,False
Oregon,2016,False,,45.46,27080577,3.9,Democrat,Democrat,False
Oregon,2017,False,,58.64,27351382,5.6,Democrat,Democrat,False
Oregon,2018,False,,56.2,27624896,5.1,Republican,Republican,False
Oregon,2019,False,,39.06,27901145,4.9,Republican,Democrat,False
Oregon,2020,False,,37.84,28180157,9.2,Republican,Republican,False
Oregon,2021,False,,40.17,28461958,7.1,Republican,Democrat,False
Oregon,2022,False,,48.07,28746578,4.3,Democrat,Democrat,False
Oregon,2023,False,,59.47,29034044,5.3,Republican,Republican,False
Pennsylvania,2000,False,,43.5,26409088,6.0,Republican,Split,False
Pennsylvania,2001,False,,55.02,26673178,6.2,Democrat,Democrat,False
Pennsylvania,2002,False,,58.12,26939910,4.5,Republican,Republican,False
Pennsylvania,2003,False,,45.7,27209309,4.7,Democrat,Democrat,False
Pennsylvania,2004,False,,40.4,27481402,5.1,Republican,Democrat,False
Pennsylvania,2005,False,,49.56,27756216,4.5,Democrat,Democrat,False
Pennsylvania,2006,False,,35.34,28033779,4.1,Republican,Split,False
Pennsylvania,2007,False,,47.48,28314116,7.1,Democrat,Democrat,False
Pennsylvania,2008,False,,44.91,28597258,7.2,Republican,Split,False
Pennsylvania,2009,False,,51.55,28883230,5.6,Republican,Republican,False
Pennsylvania,2010,False,,54.82,29172062,4.1,Republican,Republican,False
Pennsylvania,2011,False,,39.91,29463783,6.9,Democrat,Democrat,False
Pennsylvania,2012,False,,40.78,29758421,5.1,Democrat,Split,False
Pennsylvania,2013,False,,55.73,30056005,9.1,Republican,Split,False
Pennsylvania,2014,False,,48.75,30356565,2.8,Democrat,Split,False
Pennsylvania,2015,False,,65.13,30660131,10.1,Democrat,Republican,False
Pennsylvania,2016,False,,40.82,30966732,3.9,Democrat,Split,False
Pennsylvania,2017,False,,34.21,31276399,5.6,Republican,Democrat,False
Pennsylvania,2018,False,,57.2,31589163,5.6,Democrat,Republican,False
Pennsylvania,2019,False,,56.24,31905055,5.3,Democrat,Republican,False
Pennsylvania,2020,False,,44.72,32224106,7.1,Republican,Democrat,False
Pennsylvania,2021,False,,57.61,32546347,4.9,Republican,Split,False
Pennsylvania,2022,False,,52.37,32871810,3.3,Democrat,Republican,False
Pennsylvania,2023,False,,59.19,33200528,2.0,Democrat,Republican,False
Rhode Island,2000,False,2017.0,43.98,6115829,5.3,Republican,Democrat,False
Rhode Island,2001,False,2017.0,50.98,6176987,3.4,Republican,Split,False
Rhode Island,2002,False,2017.0,43.68,6238757,3.3,Republican,Republican,False
Rhode Island,2003,False,2017.0,46.65,6301144,5.3,Democrat,Republican,False
Rhode Island,2004,False,2017.0,58.85,6364156,6.5,Democrat,Split,False
Rhode Island,2005,False,2017.0,48.37,6427797,8.6,Democrat,Democrat,False
Rhode Island,2006,False,2017.0,51.27,6492075,6.7,Republican,Democrat,False
Rhode Island,2007,False,2017.0,43.1,6556996,4.2,Democrat,Republican,False
Rhode Island,2008,False,2017.0,53.18,6622566,2.1,Democrat,Republican,False
Rhode Island,2009,False,2017.0,57.88,6688792,2.3,Democrat,Split,False
Rhode Island,2010,False,2017.0,55.64,6755680,7.2,Democrat,Republican,False
Rhode Island,2011,False,2017.0,40.4,6823236,4.5,Republican,Democrat,False
Rhode Island,2012,False,2017.0,35.71,6891469,3.8,Democrat,Republican,False
Rhode Island,2013,False,2017.0,58.9,6960383,3.6,Republican,Republican,False
Rhode Island,2014,False,2017.0,56.47,7029987,5.4,Republican,Split,False
Rhode Island,2015,False,2017.0,45.72,7100287,5.4,Democrat,Democrat,False
Rhode Island,2016,False,2017.0,49.05,7171290,6.8,Democrat,Democrat,False
Rhode Island,2017,True,2017.0,60.73,7243003,3.6,Republican,Split,False
Rhode Island,2018,True,2017.0,62.97,7315433,3.1,Republican,Democrat,False
Rhode Island,2019,True,2017.0,60.17,7388587,2.8,Democrat,Democrat,False
Rhode Island,2020,True,2017.0,71.1,7462473,3.8,Democrat,Republican,False
Rhode Island,2021,True,2017.0,57.48,7537098,7.3,Republican,Democrat,False
Rhode Island,2022,True,2017.0,66.11,7612469,2.7,Republican,Republican,False
Rhode Island,2023,True,2017.0,65.08,7688594,3.1,Republican,Democrat,False
South Carolina,2000,False,2019.0,38.82,30378918,2.2,Republican,Republican,False
South Carolina,2001,False,2019.0,63.39,30682707,4.3,Republican,Democrat,False
South Carolina,2002,False,2019.0,50.54,30989534,6.5,Democrat,Split,False
South Carolina,2003,False,2019.0,46.9,31299429,4.4,Democrat,Republican,False
South Carolina,2004,False,2019.0,41.62,31612423,6.1,Republican,Republican,False
South Carolina,2005,False,2019.0,37.12,31928548,7.6,Democrat,Democrat,False
South Carolina,2006,False,2019.0,47.99,32247833,5.8,Republican,Republican,False
South Carolina,2007,False,2019.0,53.26,32570311,3.8,Republican,Democrat,False
South Carolina,2008,False,2019.0,48.91,32896015,4.7,Republican,Republican,False
South Carolina,2009,False,2019.0,34.71,33224975,6.5,Republican,Republican,False
South Carolina,2010,False,2019.0,54.37,33557224,7.5,Democrat,Republican,False
South Carolina,2011,False,2019.0,51.85,33892797,8.2,Democrat,Democrat,False
South Carolina,2012,False,2019.0,57.34,34231725,5.8,Democrat,Split,False
South Carolina,2013,False,2019.0,42.91,34574042,6.3,Republican,Democrat,False
South Carolina,2014,False,2019.0,59.65,34919782,2.7,Republican,Democrat,False
South Carolina,2015,False,2019.0,34.3,35268980,7.6,Democrat,Republican,False
South Carolina,2016,False,2019.0,49.21,35621670,6.6,Republican,Democrat,False
South Carolina,2017,False,2019.0,41.32,35977887,4.3,Democrat,Split,False
South Carolina,2018,False,2019.0,39.83,36337666,5.5,Republican,Democrat,False
South Carolina,2019,True,2019.0,53.62,36701042,4.5,Republican,Republican,False
South Carolina,2020,True,2019.0,52.37,37068053,3.9,Democrat,Split,False
South Carolina,2021,True,2019.0,42.96,37438733,6.3,Republican,Republican,False
South Carolina,2022,True,2019.0,60.59,37813121,5.3,Democrat,Republican,False
South Carolina,2023,True,2019.0,64.26,38191252,6.6,Democrat,Democrat,False
South Dakota,2000,False,2011.0,57.23,11775833,6.6,Republican,Democrat,False
South Dakota,2001,False,2011.0,51.51,11893591,5.7,Democrat,Democrat,False
South Dakota,2002,False,2011.0,39.14,12012527,5.1,Republican,Democrat,False
South Dakota,2003,False,2011.0,58.78,12132652,5.1,Democrat,Republican,False
South Dakota,2004,False,2011.0,54.7,12253979,8.3,Democrat,Split,False
South Dakota,2005,False,2011.0,42.16,12376518,7.8,Democrat,Democrat,False
South Dakota,2006,False,2011.0,55.75,12500284,5.7,Democrat,Democrat,False
South Dakota,2007,False,2011.0,53.57,12625286,2.3,Republican,Split,False
South Dakota,2008,False,2011.0,45.22,12751539,7.8,Republican,Split,False
South Dakota,2009,False,2011.0,57.23,12879055,5.3,Republican,Republican,False
South Dakota,2010,False,2011.0,48.53,13007845,4.6,Republican,Split,False
South Dakota,2011,True,2011.0,50.17,13137924,5.4,Republican,Republican,False
South Dakota,2012,True,2011.0,51.86,13269303,4.3,Democrat,Split,False
South Dakota,2013,True,2011.0,53.91,13401996,5.8,Democrat,Republican,False
South Dakota,2014,True,2011.0,58.9,13536016,6.5,Democrat,Democrat,False
South Dakota,2015,True,2011.0,56.78,13671376,3.8,Democrat,Republican,False
South Dakota,2016,True,2011.0,67.25,13808090,4.8,Republican,Democrat,False
South Dakota,2017,True,2011.0,63.5,13946171,3.5,Democrat,Democrat,False
South Dakota,2018,True,2011.0,60.73,14085632,7.3,Democrat,Split,False
South Dakota,2019,True,2011.0,62.86,14226489,2.4,Democrat,Democrat,False
South Dakota,2020,True,2011.0,51.47,14368754,2.9,Democrat,Republican,False
South Dakota,2021,True,2011.0,73.4,14512441,4.9,Republican,Republican,False
South Dakota,2022,True,2011.0,53.68,14657566,3.3,Republican,Democrat,False
South Dakota,2023,True,2011.0,65.36,14804141,3.0,Republican,Split,False
Tennessee,2000,False,2005.0,39.51,38677208,5.0,Republican,Split,False
Tennessee,2001,False,2005.0,55.71,39063980,3.8,Democrat,Republican,False
Tennessee,2002,False,2005.0,69.47,39454619,6.2,Democrat,Democrat,False
Tennessee,2003,False,2005.0,45.6,39849166,6.3,Republican,Split,False
Tennessee,2004,False,2005.0,46.58,40247657,2.5,Democrat,Split,False
Tennessee,2005,True,2005.0,54.0,40650134,4.0,Democrat,Democrat,False
Tennessee,2006,True,2005.0,52.15,41056635,4.3,Democrat,Democrat,False
Tennessee,2007,True,2005.0,50.7,41467202,4.3,Republican,Republican,False
Tennessee,2008,True,2005.0,52.28,41881874,3.5,Democrat,Democrat,False
Tennessee,2009,True,2005.0,52.44,42300692,6.8,Republican,Democrat,False
Tennessee,2010,True,2005.0,79.66,42723699,4.7,Republican,Democrat,False
Tennessee,2011,True,2005.0,60.36,43150936,6.9,Democrat,Democrat,False
Tennessee,2012,True,2005.0,69.77,43582446,7.5,Republican,Republican,False
Tennessee,2013,True,2005.0,55.9,44018270,3.6,Republican,Democrat,False
Tennessee,2014,True,2005.0,66.98,44458453,6.1,Republican,Democrat,False
Tennessee,2015,True,2005.0,59.87,44903037,5.8,Republican,Democrat,False
Tennessee,2016,True,2005.0,54.07,45352068,3.6,Republican,Democrat,False
Tennessee,2017,True,2005.0,55.95,45805588,8.3,Democrat,Democrat,False
Tennessee,2018,True,2005.0,71.18,46263644,6.6,Democrat,Democrat,False
Tennessee,2019,True,2005.0,63.49,46726281,4.1,Democrat,Democrat,False
Tennessee,2020,True,2005.0,54.36,47193543,5.6,Democrat,Republican,False
Tennessee,2021,True,2005.0,53.07,47665479,6.8,Democrat,Republican,False
Tennessee,2022,True,2005.0,56.98,48142134,3.4,Democrat,Democrat,False
Tennessee,2023,True,2005.0,43.45,48623555,3.6,Democrat,Democrat,False
Texas,2000,False,2015.0,46.3,13724541,4.3,Republican,Republican,False
Texas,2001,False,2015.0,48.45,13861786,6.7,Democrat,Republican,False
Texas,2002,False,2015.0,60.84,14000404,4.1,Republican,Republican,False
Texas,2003,False,2015.0,36.61,14140408,6.5,Democrat,Democrat,False
Texas,2004,False,2015.0,41.57,14281812,8.4,Republican,Republican,False
Texas,2005,False,2015.0,49.42,14424630,6.4,Democrat,Democrat,False
Texas,2006,False,2015.0,52.29,14568876,7.4,Republican,Democrat,False
Texas,2007,False,2015.0,41.56,14714565,4.5,Democrat,Split,False
Texas,2008,False,2015.0,43.4,14861711,7.1,Democrat,Split,False
Texas,2009,False,2015.0,39.78,15010328,2.0,Republican,Democrat,False
Texas,2010,False,2015.0,34.61,15160431,9.0,Republican,Republican,False
Texas,2011,False,2015.0,53.75,15312035,7.6,Republican,Split,False
Texas,2012,False,2015.0,59.23,15465156,4.5,Republican,Republican,True
Texas,2013,False,2015.0,55.06,15619807,4.0,Democrat,Democrat,True
Texas,2014,False,2015.0,38.24,15776005,4.8,Democrat,Republican,True
Texas,2015,True,2015.0,44.82,15933766,4.1,Democrat,Split,True
Texas,2016,True,2015.0,58.61,16093103,4.0,Republican,Democrat,True
Texas,2017,True,2015.0,59.87,16254034,8.2,Republican,Republican,True
Texas,2018,True,2015.0,49.05,16416575,5.8,Republican,Democrat,True
Texas,2019,True,2015.0,51.88,16580740,7.7,Republican,Democrat,True
Texas,2020,True,2015.0,57.85,16746548,7.0,Democrat,Split,True
Texas,2021,True,2015.0,46.47,16914013,4.5,Republican,Split,True
Texas,2022,True,2015.0,59.5,17083153,2.7,Republican,Republican,True
Texas,2023,True,2015.0,60.35,17253985,5.7,Republican,Republican,True
Utah,2000,False,2012.0,39.0,36449252,3.7,Democrat,Democrat,False
Utah,2001,False,2012.0,61.92,36813744,5.8,Democrat,Split,False
Utah,2002,False,2012.0,46.34,37181881,6.0,Republican,Democrat,False
Utah,2003,False,2012.0,56.43,37553700,8.6,Republican,Republican,False
Utah,2004,False,2012.0,50.51,37929237,4.0,Democrat,Republican,False
Utah,2005,False,2012.0,61.06,38308530,6.9,Democrat,Republican,False
Utah,2006,False,2012.0,48.69,38691615,2.0,Democrat,Democrat,False
Utah,2007,False,2012.0,60.99,39078531,5.6,Democrat,Democrat,False
Utah,2008,False,2012.0,41.65,39469316,4.9,Democrat,Split,False
Utah,2009,False,2012.0,50.99,39864010,3.0,Republican,Republican,False
Utah,2010,False,2012.0,55.71,40262650,4.3,Republican,Republican,False
Utah,2011,False,2012.0,40.84,40665276,5.8,Republican,Republican,False
Utah,2012,True,2012.0,55.69,41071929,5.5,Democrat,Democrat,False
Utah,2013,True,2012.0,66.19,41482648,7.0,Republican,Republican,False
Utah,2014,True,2012.0,58.24,41897475,7.5,Democrat,Democrat,False
Utah,2015,True,2012.0,59.82,42316450,5.4,Democrat,Republican,False
Utah,2016,True,2012.0,66.24,42739614,2.0,Democrat,Democrat,False
Utah,2017,True,2012.0,68.83,43167010,3.7,Republican,Split,False
Utah,2018,True,2012.0,74.97,43598680,4.5,Republican,Democrat,False
Utah,2019,True,2012.0,51.2,44034667,4.9,Republican,Democrat,False
Utah,2020,True,2012.0,57.62,44475014,7.1,Republican,Democrat,False
Utah,2021,True,2012.0,62.24,44919764,2.7,Democrat,Republican,False
Utah,2022,True,2012.0,63.14,45368962,7.1,Democrat,Republican,False
Utah,2023,True,2012.0,69.15,45822651,6.2,Republican,Republican,False
Vermont,2000,False,,58.99,28605973,5.1,Republican,Republican,False
Vermont,2001,False,,51.63,28892032,4.4,Republican,Democrat,False
Vermont,2002,False,,63.42,29180953,2.9,Democrat,Split,False
Vermont,2003,False,,49.94,29472762,3.4,Democrat,Split,False
Vermont,2004,False,,46.28,29767490,3.5,Republican,Republican,False
Vermont,2005,False,,52.63,30065165,4.0,Democrat,Democrat,False
Vermont,2006,False,,49.03,30365816,8.8,Republican,Republican,False
Vermont,2007,False,,37.31,30669474,5.6,Democrat,Republican,False
Vermont,2008,False,,47.01,30976169,4.8,Republican,Republican,False
Vermont,2009,False,,50.46,31285931,7.1,Republican,Democrat,False
Vermont,2010,False,,60.17,31598790,6.9,Republican,Split,False
Vermont,2011,False,,53.68,31914778,2.5,Democrat,Democrat,False
Vermont,2012,False,,47.32,32233926,6.8,Democrat,Democrat,False
Vermont,2013,False,,56.62,32556265,4.0,Democrat,Republican,False
Vermont,2014,False,,51.34,32881828,3.0,Democrat,Democrat,False
Vermont,2015,False,,57.86,33210646,4.4,Democrat,Republican,False
Vermont,2016,False,,46.07,33542753,7.6,Democrat,Democrat,False
Vermont,2017,False,,44.64,33878180,6.0,Republican,Republican,False
Vermont,2018,False,,52.45,34216962,4.5,Democrat,Republican,False
Vermont,2019,False,,50.61,34559132,7.8,Republican,Democrat,False
Vermont,2020,False,,49.52,34904723,6.6,Republican,Republican,False
Vermont,2021,False,,58.62,35253770,6.9,Republican,Democrat,False
Vermont,2022,False,,57.8,35606308,3.6,Republican,Republican,False
Vermont,2023,False,,57.11,35962371,5.9,Republican,Republican,False
Virginia,2000,False,,62.0,23002043,6.4,Republican,Democrat,False
Virginia,2001,False,,40.38,23232063,7.2,Democrat,Split,False
Virginia,2002,False,,50.41,23464384,5.4,Republican,Republican,False
Virginia,2003,False,,44.11,23699027,4.5,Republican,Democrat,False
Virginia,2004,False,,44.52,23936018,6.0,Democrat,Democrat,False
Virginia,2005,False,,52.05,24175378,8.1,Republican,Split,False
Virginia,2006,False,,34.77,24417132,6.5,Democrat,Democrat,False
Virginia,2007,False,,51.95,24661303,7.5,Democrat,Democrat,False
Virginia,2008,False,,56.8,24907916,6.2,Republican,Democrat,False
Virginia,2009,False,,56.26,25156995,4.9,Republican,Democrat,False
Virginia,2010,False,,56.62,25408565,4.5,Republican,Split,False
Virginia,2011,False,,55.47,25662651,2.5,Republican,Democrat,False
Virginia,2012,False,,55.83,25919277,4.3,Republican,Democrat,False
Virginia,2013,False,,33.14,26178470,7.1,Republican,Split,False
Virginia,2014,False,,44.8,26440255,3.5,Republican,Democrat,False
Virginia,2015,False,,52.2,26704657,7.1,Republican,Republican,False
Virginia,2016,False,,48.45,26971704,4.7,Democrat,Republican,False
Virginia,2017,False,,45.59,27241421,6.1,Democrat,Split,False
Virginia,2018,False,,40.63,27513835,4.3,Democrat,Split,False
Virginia,2019,False,,50.75,27788974,7.6,Republican,Republican,False
Virginia,2020,False,,45.92,28066863,7.0,Democrat,Democrat,False
Virginia,2021,False,,58.59,28347532,5.3,Republican,Democrat,False
Virginia,2022,False,,59.68,28631007,4.2,Democrat,Republican,False
Virginia,2023,False,,49.25,28917317,4.0,Republican,Democrat,False
Washington,2000,False,2011.0,47.79,27525546,4.3,Republican,Democrat,False
Washington,2001,False,2011.0,32.95,27800801,2.0,Democrat,Republican,False
Washington,2002,False,2011.0,62.63,28078809,2.9,Democrat,Split,False
Washington,2003,False,2011.0,59.55,28359597,4.6,Democrat,Split,False
Washington,2004,False,2011.0,52.36,28643193,6.1,Democrat,Republican,False
Washington,2005,False,2011.0,59.81,28929625,6.2,Republican,Split,False
Washington,2006,False,2011.0,37.88,29218921,5.3,Democrat,Republican,False
Washington,2007,False,2011.0,52.87,29511110,4.1,Republican,Democrat,False
Washington,2008,False,2011.0,59.08,29806222,4.4,Republican,Republican,False
Washington,2009,False,2011.0,63.11,30104284,2.7,Republican,Split,False
Washington,2010,False,2011.0,42.68,30405327,6.0,Democrat,Democrat,False
Washington,2011,True,2011.0,42.71,30709380,3.2,Democrat,Republican,False
Washington,2012,True,2011.0,48.52,31016474,3.8,Democrat,Democrat,False
Washington,2013,True,2011.0,51.34,31326638,5.2,Democrat,Democrat,False
Washington,2014,True,2011.0,57.11,31639905,3.1,Republican,Democrat,False
Washington,2015,True,2011.0,54.14,31956304,6.2,Democrat,Democrat,False
Washington,2016,True,2011.0,50.56,32275867,4.0,Republican,Republican,False
Washington,2017,True,2011.0,71.6,32598626,6.3,Democrat,Split,False
Washington,2018,True,2011.0,62.88,32924612,6.6,Republican,Republican,False
Washington,2019,True,2011.0,60.03,33253858,3.7,Democrat,Democrat,False
Washington,2020,True,2011.0,52.76,33586397,4.5,Republican,Democrat,False
Washington,2021,True,2011.0,69.79,33922261,4.6,Republican,Republican,False
Washington,2022,True,2011.0,56.23,34261483,5.3,Republican,Democrat,False
Washington,2023,True,2011.0,52.94,34604098,4.2,Democrat,Democrat,False
West Virginia,2000,False,2011.0,52.01,34250643,4.6,Republican,Democrat,False
West Virginia,2001,False,2011.0,57.04,34593149,3.1,Republican,Republican,False
West Virginia,2002,False,2011.0,36.87,34939080,3.3,Republican,Democrat,False
West Virginia,2003,False,2011.0,51.26,35288471,2.3,Democrat,Democrat,False
West Virginia,2004,False,2011.0,47.0,35641356,6.4,Republican,Republican,False
West Virginia,2005,False,2011.0,44.93,35997770,6.0,Republican,Democrat,False
West Virginia,2006,False,2011.0,45.78,36357747,6.2,Republican,Split,False
West Virginia,2007,False,2011.0,47.59,36721325,7.1,Republican,Split,False
West Virginia,2008,False,2011.0,48.76,37088538,7.1,Republican,Split,False
West Virginia,2009,False,2011.0,48.08,37459423,4.5,Republican,Democrat,False
West Virginia,2010,False,2011.0,50.29,37834018,5.2,Democrat,Republican,False
West Virginia,2011,True,2011.0,58.05,38212358,5.7,Republican,Republican,False
West Virginia,2012,True,2011.0,54.55,38594481,4.5,Democrat,Republican,False
West Virginia,2013,True,2011.0,65.65,38980426,5.6,Republican,Democrat,False
West Virginia,2014,True,2011.0,46.3,39370230,7.3,Democrat,Republican,False
West Virginia,2015,True,2011.0,59.89,39763933,6.7,Democrat,Democrat,False
West Virginia,2016,True,2011.0,64.15,40161572,6.0,Democrat,Democrat,False
West Virginia,2017,True,2011.0,62.01,40563188,3.0,Democrat,Split,False
West Virginia,2018,True,2011.0,42.64,40968820,5.7,Republican,Republican,False
West Virginia,2019,True,2011.0,55.54,41378508,6.6,Democrat,Split,False
West Virginia,2020,True,2011.0,57.19,41792293,8.4,Republican,Republican,False
West Virginia,2021,True,2011.0,68.39,42210216,6.1,Democrat,Republican,False
West Virginia,2022,True,2011.0,63.03,42632318,5.3,Democrat,Republican,False
West Virginia,2023,True,2011.0,58.1,43058641,3.2,Democrat,Split,False
Wisconsin,2000,False,,49.53,16460724,7.8,Republican,Republican,False
Wisconsin,2001,False,,67.57,16625331,6.0,Democrat,Republican,False
Wisconsin,2002,False,,55.39,16791584,8.1,Republican,Republican,False
Wisconsin,2003,False,,53.96,16959500,5.0,Republican,Split,False
Wisconsin,2004,False,,47.41,17129095,7.7,Democrat,Democrat,False
Wisconsin,2005,False,,47.16,17300386,7.3,Republican,Democrat,False
Wisconsin,2006,False,,54.99,17473390,7.0,Democrat,Republican,False
Wisconsin,2007,False,,35.44,17648124,4.6,Republican,Democrat,False
Wisconsin,2008,False,,47.8,17824605,6.6,Democrat,Republican,False
Wisconsin,2009,False,,60.14,18002851,4.8,Republican,Democrat,False
Wisconsin,2010,False,,43.65,18182879,8.2,Democrat,Republican,False
Wisconsin,2011,False,,45.01,18364708,6.8,Democrat,Split,False
Wisconsin,2012,False,,48.47,18548355,4.5,Democrat,Split,False
Wisconsin,2013,False,,45.45,18733839,6.3,Democrat,Split,False
Wisconsin,2014,False,,44.46,18921177,5.8,Republican,Split,False
Wisconsin,2015,False,,45.29,19110389,7.5,Republican,Republican,False
Wisconsin,2016,False,,66.05,19301493,6.6,Democrat,Republican,False
Wisconsin,2017,False,,39.96,19494508,5.8,Democrat,Split,False
Wisconsin,2018,False,,42.93,19689453,8.4,Democrat,Republican,False
Wisconsin,2019,False,,31.72,19886347,4.7,Republican,Democrat,False
Wisconsin,2020,False,,50.31,20085211,2.9,Democrat,Republican,False
Wisconsin,2021,False,,43.67,20286063,4.1,Democrat,Republican,False
Wisconsin,2022,False,,46.86,20488924,7.9,Republican,Split,False
Wisconsin,2023,False,,56.76,20693813,4.9,Democrat,Democrat,False
Wyoming,2000,False,2005.0,48.36,27410743,6.5,Republican,Democrat,False
Wyoming,2001,False,2005.0,59.08,27684850,3.0,Democrat,Republican,False
Wyoming,2002,False,2005.0,55.37,27961698,2.1,Democrat,Republican,False
Wyoming,2003,False,2005.0,48.1,28241315,7.9,Republican,Republican,False
Wyoming,2004,False,2005.0,58.51,28523729,4.9,Republican,Republican,False
Wyoming,2005,True,2005.0,44.69,28808966,4.4,Republican,Republican,False
Wyoming,2006,True,2005.0,42.73,29097056,4.6,Democrat,Democrat,False
Wyoming,2007,True,2005.0,54.9,29388026,5.2,Democrat,Republican,False
Wyoming,2008,True,2005.0,38.85,29681906,5.3,Democrat,Democrat,False
Wyoming,2009,True,2005.0,47.38,29978725,7.1,Republican,Republican,False
Wyoming,2010,True,2005.0,65.37,30278513,7.1,Republican,Democrat,False
Wyoming,2011,True,2005.0,66.93,30581298,2.7,Democrat,Republican,False
Wyoming,2012,True,2005.0,69.0,30887111,5.5,Republican,Democrat,False
Wyoming,2013,True,2005.0,48.66,31195982,5.9,Republican,Republican,False
Wyoming,2014,True,2005.0,62.69,31507942,6.2,Democrat,Republican,False
Wyoming,2015,True,2005.0,61.78,31823021,5.0,Republican,Split,False
Wyoming,2016,True,2005.0,63.88,32141251,6.0,Republican,Republican,False
Wyoming,2017,True,2005.0,45.17,32462664,6.8,Republican,Democrat,False
Wyoming,2018,True,2005.0,62.03,32787291,2.1,Democrat,Republican,False
Wyoming,2019,True,2005.0,62.61,33115163,4.8,Democrat,Democrat,False
Wyoming,2020,True,2005.0,57.15,33446315,8.3,Democrat,Republican,False
Wyoming,2021,True,2005.0,55.44,33780778,2.3,Republican,Republican,False
Wyoming,2022,True,2005.0,45.39,34118586,6.4,Democrat,Democrat,False
Wyoming,2023,True,2005.0,70.89,34459772,4.4,Republican,Republican,False
