id,world_id,country,visit,purchase,download
4,1,United States,1,1,0
9,1,United States,3,1,6
14,9,United States,3,1,30
57,1,United States,1,1,2
62,1,Nicaragua,3,0,0
67,9,United States,2,1,0
72,9,United States,1,0,0
75,9,Indonesia,2,0,35
77,9,Indonesia,0,0,0
78,9,Indonesia,3,1,25
86,9,Japan,1,0,5
87,9,Indonesia,1,1,5
88,9,Greece,3,0,30
91,1,Japan,0,0,0
93,9,Indonesia,3,0,10
96,9,United Kingdom,2,0,25
97,9,United Kingdom,1,0,0
98,9,Australia,1,1,20
99,1,Germany,1,1,0
100,9,Portugal,3,1,10
101,9,Hungary,3,1,5
103,1,Poland,0,0,0
105,9,United States,1,0,0
107,1,United States,2,1,0
112,1,United States,1,0,0
113,9,United States,1,0,0
115,9,United States,2,1,20
119,9,United Kingdom,1,0,0
121,9,United States,1,0,2
128,9,United States,2,0,5
131,9,United States,2,0,1
132,1,United States,2,1,3
134,9,United States,3,1,15
138,9,Mexico,3,1,100
139,9,United States,1,1,0
142,9,United Kingdom,0,0,10
146,9,Indonesia,1,1,5
147,9,India,1,0,0
150,9,United States,2,1,5
151,9,Indonesia,3,0,100
152,9,New Zealand,1,1,10
154,1,United States,1,1,3
157,9,United States,3,1,36
159,1,Norway,3,1,100
163,1,United States,1,0,0
166,9,United States,1,1,7
172,9,United States,1,1,0
174,1,United States,0,0,0
181,1,United States,0,0,1
183,9,United States,3,0,0
189,9,United States,3,1,20
194,9,United States,3,1,15
195,9,United States,3,1,30
197,9,United States,1,1,0
203,1,United States,3,1,5
204,9,United States,3,1,400
206,9,United States,3,1,0
207,9,United States,3,1,50
209,9,United States,3,1,0
210,9,United States,3,1,25
213,1,United States,2,0,0
214,1,United States,1,1,5
218,9,United States,1,1,0
219,9,Indonesia,1,0,0
221,9,Australia,3,1,5
222,9,Indonesia,3,1,0
228,1,United States,2,0,0
229,9,Indonesia,0,1,2
233,9,Indonesia,1,0,0
234,9,Indonesia,0,0,0
236,9,United States,0,0,0
237,9,United States,3,0,20
238,9,United Kingdom,2,1,3
239,9,Canada,3,1,0
241,1,United States,1,0,0
246,9,Brazil,3,1,3
247,9,United States,3,1,150
251,9,United States,3,1,50
257,9,United States,3,1,250
258,1,United States,1,0,2
261,9,Indonesia,0,0,0
262,9,Indonesia,3,1,15
263,1,United States,1,1,0
265,1,United States,3,1,0
269,1,United States,3,1,10
270,1,Indonesia,3,1,15
271,9,Indonesia,0,0,1
282,1,Indonesia,3,1,5
290,9,Saudi Arabia,1,0,0
293,9,France,3,0,50
294,1,United States,1,1,2
295,9,United States,3,1,0
296,9,United Kingdom,0,0,0
300,9,United States,1,1,0
303,9,United States,0,0,0
307,9,United States,0,1,0
308,9,United States,0,0,0
310,9,United States,1,1,0
313,9,Albania,1,0,44
314,1,United States,2,1,0
323,9,Indonesia,0,0,0
327,9,United States,3,1,0
329,1,United States,1,0,0
331,9,United States,3,1,5
334,9,United States,3,1,150
336,9,United States,2,0,20
337,9,United States,1,1,3
339,1,United States,1,0,1
340,9,United States,1,0,0
344,9,United States,2,1,0
352,9,United States,1,0,10
354,1,United States,0,1,2
357,9,United States,2,1,5
359,9,United States,1,0,20
364,9,United States,3,1,0
365,9,Portugal,0,1,2
369,9,United States,2,1,6
371,9,Indonesia,1,0,0
378,1,United States,2,1,0
384,1,United States,2,1,0
388,9,United States,2,1,5
393,9,United States,1,1,0
397,9,Indonesia,1,0,10
398,9,Indonesia,1,0,10
404,9,United States,2,0,1
409,9,United States,3,1,25
413,9,Indonesia,1,0,0
416,9,Indonesia,3,0,20
421,1,Canada,1,1,12
423,1,United States,1,0,6
424,9,United States,1,1,34
425,9,United States,1,1,0
428,9,United States,1,1,5
430,9,United States,0,0,0
431,1,United States,0,0,0
432,9,United States,2,1,130
435,9,United States,3,1,1
442,1,United Kingdom,3,0,25
448,9,United States,3,1,10
451,9,United States,1,1,3
452,1,Jordan,3,0,5
453,9,United States,1,1,0
458,9,United States,3,1,60
461,9,United States,1,1,0
462,9,United States,1,0,0
472,1,United Kingdom,1,1,20
473,9,United States,2,1,1
482,9,United States,1,1,0
484,9,United States,2,1,7
487,9,United States,1,1,0
489,9,United Kingdom,1,1,10
490,9,United States,3,1,30
496,1,United States,2,1,0
498,1,United States,0,0,0
505,9,United States,1,1,0
508,9,United States,1,1,5
511,1,Canada,2,1,5
512,1,United States,1,1,2
517,9,United States,1,1,50
518,1,United Kingdom,2,1,12
523,1,United States,1,1,100
524,9,United States,3,1,250
525,9,United States,0,0,0
526,9,United States,1,1,0
528,9,United States,2,1,2000
530,1,United States,0,1,0
531,9,United States,3,1,10
535,9,United States,0,0,0
536,9,United States,2,1,0
542,1,United States,2,1,0
549,9,Brazil,2,0,30
554,9,Brazil,3,1,12
564,9,Belarus,0,0,30
565,9,United States,2,0,5
566,9,Canada,1,1,0
571,9,United States,1,0,15
574,9,United States,2,1,5
575,9,Australia,2,0,0
576,1,United States,2,1,0
577,9,United States,1,1,4
580,1,United States,2,1,20
582,9,Australia,2,1,0
584,9,Australia,2,1,0
587,9,United States,1,0,0
593,9,United States,1,1,10
595,1,Finland,2,1,0
596,9,Sweden,3,1,25
603,1,United States,1,1,4
606,9,Lebanon,2,0,75
610,9,United States,2,1,0
611,9,United States,2,1,0
624,9,United States,2,1,0
625,9,United States,2,1,0
626,9,United States,1,1,0
629,9,Canada,1,1,20
630,1,United States,2,1,0
636,9,Andorra,1,1,20
640,9,Germany,1,0,1
643,9,United States,0,0,0
644,1,United Kingdom,3,1,0
645,1,United States,3,0,0
650,9,United States,3,1,0
651,1,United States,3,1,30
654,9,United States,3,1,5
656,9,United States,1,1,3
657,9,United States,1,1,0
661,1,United States,3,1,50
665,1,United States,3,0,30
666,9,United States,2,1,2
667,9,United States,2,1,20
675,9,United States,0,1,10
679,9,United States,1,1,0
684,1,United States,2,1,0
685,1,United States,3,1,15
687,9,United States,3,0,0
697,9,United States,2,1,3
713,1,United States,3,1,8
716,9,United States,1,0,0
718,9,Canada,1,1,0
722,9,Portugal,1,0,20
724,9,Portugal,3,0,300
727,1,Portugal,0,1,0
730,9,Portugal,1,0,10
732,9,Portugal,2,1,0
736,1,Portugal,0,0,0
737,9,Denmark,0,0,0
740,9,Portugal,2,1,0
741,9,United States,2,0,10
742,1,United States,3,1,25
745,9,United States,3,1,40
748,9,United States,2,0,5
756,9,United Kingdom,2,1,2
760,1,Portugal,3,1,10
763,1,United States,1,1,0
768,9,Portugal,1,0,2
769,1,United States,3,1,25
774,1,United States,1,0,5
775,1,United States,3,1,14
781,9,United States,1,1,1
783,9,United States,3,1,5
785,9,United States,1,1,15
787,1,Portugal,3,1,100
788,1,United States,3,1,0
790,9,United States,2,1,89
791,9,United States,1,1,0
797,1,United States,3,0,5
798,9,United States,2,1,0
800,9,United States,2,1,75
808,9,United States,2,1,1
811,9,Indonesia,0,0,0
819,1,United States,3,1,120
825,1,United States,1,0,0
831,9,United States,2,1,0
833,1,Australia,2,1,300
840,1,United States,1,1,0
841,9,United States,1,1,0
846,9,United States,1,1,45
849,9,United States,1,1,0
850,1,United States,0,0,0
852,9,Indonesia,3,0,2
853,9,United States,2,1,1
858,9,United States,1,0,0
859,9,United States,3,1,20
864,9,United States,2,0,0
867,9,United States,1,0,0
876,9,United Kingdom,1,1,45
881,9,United States,2,1,5
884,9,Canada,1,1,2
887,9,United States,2,0,0
888,1,United States,0,0,0
891,9,United States,1,0,0
893,9,United Kingdom,1,0,0
897,1,United States,2,1,0
898,9,United States,1,0,0
899,1,Brazil,3,0,100
908,9,United States,3,1,2
909,9,United States,1,1,0
910,1,United States,0,0,1
911,9,United States,3,1,0
917,1,United States,1,1,0
918,9,United States,2,1,50
920,9,United States,2,1,15
929,1,United States,2,1,10
931,9,Colombia,3,1,50
936,9,Austria,3,1,0
939,1,United States,3,1,4
947,9,United States,3,1,0
948,9,Brazil,2,1,50
956,1,United States,1,0,0
957,9,United States,3,1,30
962,9,United States,1,1,2
964,9,United States,1,1,0
967,9,United States,3,1,50
973,1,United States,3,1,0
980,1,United States,2,1,15
984,9,United States,1,0,1
991,9,United States,3,1,0
992,9,United States,3,1,20
993,1,United States,3,1,0
997,9,United States,1,1,39
999,9,United States,3,1,15
1000,9,United States,2,1,15
1002,9,United States,0,0,0
1008,9,United States,3,1,0
1009,9,United States,1,0,0
1010,9,United States,1,1,0
1011,9,United States,2,1,0
1012,9,United States,3,1,15
1016,1,United States,3,0,0
1018,9,Canada,3,0,0
1021,9,United States,1,1,5
1022,9,United States,0,1,0
1029,9,United States,3,0,0
1036,9,Austria,3,1,20
1037,9,United States,1,1,3
1040,9,Germany,3,1,0
1042,9,United States,3,0,0
1051,9,United States,1,0,0
1061,9,United States,1,0,0
1063,9,United States,0,1,10
1064,9,United States,3,1,20
1067,9,United States,2,1,0
1069,9,United States,1,1,3
1070,9,United States,1,1,60
1071,9,United States,3,0,0
1075,1,United States,2,1,15
1076,9,United States,3,0,5
1079,1,United States,1,0,2
1080,1,United States,1,1,0
1084,1,United States,0,0,0
1085,1,Canada,2,1,0
1086,9,United States,1,1,0
1089,9,United States,1,1,40
1090,1,United States,0,0,0
1095,9,United States,1,1,1
1105,9,United States,1,1,0
1106,9,United States,3,1,15
1107,9,United States,3,1,0
1108,9,United States,1,1,2
1110,9,United States,3,1,0
1111,9,United States,1,1,0
1113,9,United States,2,1,5
1117,9,United States,3,1,600
1131,1,United States,1,1,3
1134,9,United States,3,1,20
1137,1,United States,2,1,10
1139,1,Portugal,1,1,2
1141,9,United States,3,1,10
1145,9,United States,1,1,2
1148,9,United States,1,0,20
1149,9,United States,1,1,5
1155,1,United States,1,0,2
1157,1,United States,3,1,0
1159,1,United States,1,0,0
1161,1,United Kingdom,1,1,0
1163,1,Canada,3,0,50
1167,1,New Zealand,1,1,2
1169,9,United States,3,1,9
1171,1,United States,1,1,1
1174,9,United States,1,0,10
1178,9,United States,1,1,0
1181,9,United Kingdom,1,1,5
1182,1,United States,3,1,0
1186,9,United States,1,1,4
1189,9,Canada,2,0,0
1191,1,United States,0,1,6
1206,1,United States,2,0,0
1208,9,United States,3,1,300
1215,9,United States,2,0,0
1229,1,United States,1,0,0
1231,1,United Kingdom,1,0,0
1240,1,United States,2,0,15
1243,1,United States,1,1,0
1244,1,United States,3,0,10
1245,9,United States,3,1,50
1246,9,United States,1,1,10
1247,9,United States,3,1,4
1248,1,United Kingdom,0,1,4
1249,1,United States,2,1,20
1253,9,United States,3,1,100
1268,1,Canada,2,1,30
1273,9,United States,2,1,10
1277,9,United States,0,0,10
1278,9,United States,0,0,0
1280,1,United States,3,1,20
1286,9,United States,3,1,25
1287,1,United States,3,1,20
1289,9,United States,3,1,25
1292,9,United States,1,1,0
1297,9,United States,3,1,20
1298,1,United States,1,1,3
1300,9,United States,3,1,15
1303,9,United States,3,1,15
1310,9,United States,2,1,500
1311,1,United States,1,1,50
1314,9,Germany,3,1,15
1315,9,United States,3,1,0
1317,9,United States,2,1,25
1321,9,United States,3,1,19
1322,9,United States,2,1,30
1325,1,United States,2,1,12
1328,9,United States,3,1,200
1331,9,United States,3,1,250
1335,1,United Kingdom,3,1,150
1344,9,United States,3,1,10
1346,1,United States,1,1,2
1348,1,Latvia,2,0,3
1349,9,Portugal,3,1,0
1350,9,United States,1,1,2
1351,9,United Kingdom,2,1,20
1358,9,United States,2,1,50
1362,9,United Kingdom,3,1,300
1366,9,United States,3,1,15
1372,1,United States,2,1,3
1376,1,United States,3,1,0
1380,9,United Kingdom,3,1,8
1381,9,United States,3,1,15
1383,9,United States,2,1,24
1392,9,United States,2,0,0
1394,1,United States,3,1,5
1397,9,United States,1,1,0
1398,9,United States,3,1,0
1405,1,United States,2,1,15
1408,9,United States,3,1,30
1409,9,United States,2,1,0
1412,9,United States,3,1,120
1417,9,United States,3,1,10
1424,9,United States,3,1,30
1425,9,Australia,0,1,10
1428,9,Canada,3,1,50
1429,9,United States,2,1,5
1439,9,United States,3,1,0
1443,9,United States,3,1,40
1444,9,United States,3,1,10
1445,9,United States,3,1,20
1453,9,United States,1,0,0
1456,9,United States,1,1,23
1458,1,United States,2,1,20
1460,9,United States,3,1,3
1462,1,United States,0,1,0
1468,9,United States,2,1,45
1475,1,United States,2,1,100
1477,1,United States,0,1,1
1481,9,Australia,3,1,30
1485,1,United States,2,1,15
1487,1,United States,2,1,0
1500,9,United States,3,1,6
1501,9,United States,2,1,0
1515,9,Canada,3,1,300
1516,1,Japan,3,1,50
1518,1,United States,0,1,0
1519,9,United States,3,0,0
1521,1,United States,3,1,0
1523,1,United States,2,1,30
1528,9,United States,3,1,100
1529,9,Malaysia,0,0,2
1530,9,Australia,3,0,2
1531,9,United States,2,1,25
1535,1,United States,3,1,9
1537,9,Hongkong S.A.R,3,1,25
1540,9,Malaysia,1,0,40
1544,9,United States,3,1,500
1545,9,United States,3,1,300
1548,9,United States,3,1,0
1551,9,United States,3,1,2
1554,9,United States,2,1,5
1555,9,United States,3,1,100
1557,9,United States,3,1,20
1558,9,United States,3,1,5
1560,9,United States,3,1,100
1566,9,United States,3,1,200
1574,9,United States,2,1,0
1578,9,United States,3,1,5
1580,1,United States,2,1,15
1585,9,United States,3,1,25
1589,9,United States,2,1,0
1595,9,United States,1,1,0
1600,1,United States,1,1,100
1603,1,United States,1,0,10
1609,9,Italy,1,1,5
1619,9,United States,2,1,0
1624,9,Belgium,1,0,0
1644,1,Canada,1,1,0
1645,9,Brazil,3,1,10
1656,1,United States,1,1,30
1658,1,India,3,1,5
1660,9,Canada,1,1,0
1665,9,United States,3,1,20
1666,1,United States,1,1,0
1667,9,United States,3,1,0
1668,9,United States,1,0,0
1669,9,United States,2,1,0
1673,1,United States,3,1,15
1675,9,United States,3,1,10
1679,9,United States,1,0,20
1684,9,United States,2,1,0
1686,9,United States,1,1,15
1693,1,United States,1,0,3
1694,1,United States,3,1,10
1695,1,United Kingdom,1,0,20
1699,1,United Kingdom,3,1,50
1700,9,Germany,2,1,4
1702,9,United States,3,1,150
1704,9,United States,2,1,20
1705,9,United Kingdom,0,1,2
1723,1,United States,3,1,30
1724,1,United States,3,1,300
1725,1,United States,3,1,0
1726,9,United States,3,1,0
1728,9,United States,3,1,0
1732,1,United States,1,1,12
1733,1,United States,1,1,30
1734,1,New Zealand,3,1,12
1738,9,United States,3,1,300
1742,9,United States,0,1,1
1752,9,United States,3,1,100
1758,9,Germany,2,1,20
1762,9,United States,3,1,50
1764,9,United States,3,1,50
1766,9,United States,0,0,0
1769,9,United States,3,1,0
1770,9,United States,1,0,2
1772,1,Canada,3,1,40
1779,9,Canada,2,1,20
1780,1,United States,1,1,0
1781,9,United States,3,0,0
1785,9,United States,2,1,100
1788,9,United States,3,1,12
1791,9,Canada,3,1,0
1798,9,United States,2,1,80
1808,9,United States,3,1,0
1810,1,United States,1,0,10
1819,9,United States,2,1,1000
1820,9,United States,1,1,3
1825,9,United States,2,1,40
1832,9,United States,3,1,1200
1836,9,United States,3,1,10
1838,9,United States,1,1,0
1845,1,United States,0,1,25
1848,9,United States,1,1,80
1849,1,United States,2,1,0
1854,1,United States,2,1,8
1856,9,United States,3,1,500
1864,9,United States,3,0,22
1865,9,Norway,3,0,10
1866,9,United States,3,1,10
1867,9,United States,1,1,4
1878,9,United States,3,0,0
1881,9,United States,3,1,40
1883,9,United Kingdom,2,1,6
1884,9,United States,3,0,0
1893,1,United Kingdom,1,0,0
1896,9,United States,2,0,50
1898,1,United States,1,1,25
1901,9,United States,3,1,100
1904,9,Mexico,3,1,15
1905,9,Brunei,3,1,6
1912,1,United States,2,0,50
1914,1,United States,3,1,20
1915,9,United States,3,1,25
1917,1,United States,1,1,3
1924,9,Germany,0,1,0
1925,9,United States,2,1,50
1926,1,United States,3,0,0
1930,1,United States,1,1,20
1931,1,Canada,3,1,20
1935,9,United States,3,1,80
1938,9,United States,2,1,0
1941,1,United States,0,1,0
1945,9,United States,0,1,0
1948,1,Canada,3,1,75
1950,9,United States,1,1,0
1953,9,United States,1,1,50
1955,9,United States,2,1,10
1956,9,United States,1,1,5
1958,9,United States,3,1,21
1963,9,United States,3,1,10
1964,9,United States,2,1,20
1971,9,United States,1,1,0
1977,9,United States,2,1,0
1980,9,United States,3,1,3
1985,1,Australia,1,1,10
1987,9,United States,2,1,0
1988,1,United States,1,1,0
1990,9,United States,1,1,5
1991,9,United States,1,1,0
1996,1,United States,2,1,0
2000,1,Canada,2,0,0
2001,1,Malaysia,0,0,0
2011,1,United Kingdom,3,1,5
2014,9,United States,3,1,10
2023,9,Canada,3,1,20
2031,1,United States,3,1,0
2032,9,United States,1,0,0
2034,9,United States,2,1,30
2039,9,United States,3,1,31
2043,9,United Kingdom,3,0,0
2044,1,United States,0,1,0
2048,9,United States,1,0,0
2054,9,United States,2,1,3
2060,1,United States,1,0,55
2061,9,United States,2,0,0
2066,1,United Kingdom,1,1,2
2067,9,United States,3,1,3
2072,1,United States,1,0,0
2082,9,United States,2,1,0
2084,9,United States,3,1,0
2085,9,United States,1,1,10
2089,1,Canada,2,1,30
2090,9,United States,3,1,10
2091,1,United Kingdom,2,0,30
2093,9,Malaysia,2,1,1
2095,9,United States,3,0,7
2102,9,United States,3,0,3
2106,1,United States,3,1,5
2108,1,United States,3,1,0
2111,9,Canada,3,1,3
2112,1,United States,3,1,0
2115,1,United States,0,1,0
2122,1,United States,2,1,8
2123,9,United States,1,0,10
2126,1,United States,3,1,0
2130,9,United States,2,1,20
2134,9,United States,1,1,0
2136,1,Finland,3,1,100
2137,1,United States,2,1,5
2138,9,Lebanon,2,1,0
2144,9,Lebanon,2,1,14
2146,9,Ireland,2,1,5
2148,9,United States,2,1,3
2153,9,Turkey,3,1,3
2155,9,United Kingdom,2,1,10
2157,9,Belgium,2,0,100
2158,9,United States,2,1,2
2160,9,United States,2,0,0
2163,1,United States,2,1,20
2164,1,United Kingdom,3,1,6
2167,9,United States,2,1,15
2170,9,United Kingdom,3,1,500
2183,9,United States,3,0,5
2184,9,United Kingdom,1,1,0
2185,1,United States,3,1,2
2188,9,United States,2,1,0
2192,9,United States,3,1,0
2199,1,United Kingdom,3,1,0
2200,1,United States,1,0,250
2206,1,United States,3,1,10
2207,1,United States,3,0,50
2209,9,United States,1,0,30
2210,9,United States,0,1,3
2211,9,United States,1,1,0
2212,1,United States,1,1,5
2217,9,United States,3,0,0
2218,9,United States,3,1,100
2225,9,United States,1,1,2
2231,9,United States,3,1,0
2233,9,United States,0,1,0
2234,9,United States,3,1,5
2236,1,United States,1,1,0
2239,9,United States,2,1,0
2248,9,United States,1,1,0
2249,9,United States,2,1,10
2250,9,United States,3,1,100
2253,9,United States,2,1,0
2260,9,United Kingdom,3,1,0
2264,1,United States,2,1,0
2265,9,United States,1,1,0
2267,9,United States,3,1,25
2269,1,United States,1,1,0
2271,1,United Kingdom,3,1,0
2277,1,United Kingdom,1,1,5
2286,9,Cape Verde,1,1,200
2294,9,United States,3,1,0
2295,9,United States,0,0,0
2297,9,United Kingdom,2,1,15
2302,9,United States,3,1,0
2305,1,United States,2,0,0
2309,9,United States,1,1,0
2310,1,United States,3,1,10
2312,9,United States,1,1,15
2313,9,United States,1,1,0
2317,1,United States,1,1,60
2318,1,United States,3,1,2
2331,9,United Kingdom,1,1,0
2333,9,United States,0,0,0
2334,1,United States,3,1,62
2336,9,United States,1,0,0
2338,9,United States,1,1,30
2339,9,United States,2,1,0
2346,9,United States,2,1,0
2347,9,United States,2,1,0
2352,1,United States,0,1,0
2353,1,United States,1,0,0
2357,1,United States,3,1,43
2358,1,United States,1,1,1
2361,1,United States,3,1,2
2363,1,United States,2,0,5
2366,1,United States,1,0,2
2375,1,United States,3,0,15
2378,1,United States,1,1,0
2381,9,United States,3,1,18
2382,9,United States,1,0,14
2386,9,United States,3,1,0
2387,9,Canada,1,1,48
2392,9,United States,3,0,0
2395,9,United States,1,1,0
2398,9,United States,3,1,0
2399,9,Australia,3,1,0
2400,9,United States,3,0,2
2405,1,United States,1,0,0
2407,9,United States,1,0,0
2408,9,United States,3,1,0
2409,9,United States,3,1,3
2410,9,United States,2,0,0
2420,1,United States,1,1,5
2424,1,United States,3,1,3
2425,9,United States,3,0,0
2429,9,United States,0,1,4
2431,9,United States,2,1,0
2432,1,United States,3,1,0
2436,1,Australia,2,1,10
2437,1,United States,3,1,12
2441,9,United States,1,1,0
2446,9,United States,2,1,100
2456,9,United States,3,1,0
2458,1,Italy,3,0,5
2462,1,United States,0,0,0
2463,1,United States,3,1,0
2467,9,United States,3,0,20
2475,9,Antigua And Barbuda,2,0,20
2476,9,United States,1,1,0
2478,1,United States,3,1,2
2485,1,United States,1,1,0
2486,9,United States,3,1,0
2487,9,United States,1,0,0
2494,9,United States,3,1,15
2495,9,Mexico,2,1,200
2497,1,United States,3,1,130
2499,9,Canada,2,0,0
2500,9,United States,0,1,0
2502,9,United States,3,1,10
2503,1,United States,2,0,5
2509,1,United States,0,1,10
2510,9,United States,2,1,20
2511,1,United States,0,1,0
2517,1,Portugal,2,1,0
2519,9,United States,3,1,10
2520,1,United States,3,1,0
2521,1,United States,2,1,0
2522,9,United States,3,1,3
2526,9,United States,0,0,0
2528,1,United States,3,1,6
2531,9,United States,0,0,0
2538,9,United States,1,1,0
2540,9,United States,3,1,0
2541,9,United States,1,1,4
2543,9,United States,0,0,0
2545,9,United States,1,1,0
2551,1,United States,2,1,15
2557,1,United States,3,1,20
2564,1,United States,3,1,15
2567,1,United States,1,0,0
2569,1,United Kingdom,3,1,8
2571,1,United States,1,1,0
2577,1,Canada,3,1,10
2578,9,Canada,3,1,10
2580,9,United States,3,1,50
2589,9,Australia,2,1,6
2590,1,United States,2,1,7
2594,1,United States,2,0,0
2607,1,United Kingdom,1,0,5
2608,9,United States,1,1,0
2609,9,United States,1,1,0
2620,9,United States,3,1,62
2624,9,United States,3,1,0
2625,1,United States,2,1,10
2630,9,United States,2,1,0
2631,9,United States,1,0,0
2632,1,United Kingdom,1,1,5
2637,9,United States,3,1,0
2639,9,Canada,2,1,2
2641,1,United States,3,1,3
2642,1,United States,0,1,0
2645,9,United States,3,0,6
2648,9,United States,3,1,0
2651,1,United States,0,0,0
2657,9,United States,1,1,9
2660,1,United States,3,1,0
2664,1,United States,2,0,0
2665,9,United States,1,1,1
2668,1,United States,0,1,100
2672,1,United States,1,1,0
2682,9,United States,1,1,0
2685,9,United States,2,1,10
2686,9,United States,1,1,15
2688,9,United States,2,0,1
2690,1,United States,1,0,0
2691,9,United States,3,1,0
2695,9,United States,1,1,200
2696,1,United States,1,1,0
2698,9,United States,3,1,30
2704,9,Singapore,2,1,10
2705,1,United States,2,1,6
2706,1,United States,3,1,50
2713,1,United States,3,0,8
2716,9,Australia,3,1,5
2722,1,Japan,3,0,20
2723,1,Netherlands,3,1,10
2730,1,United States,3,1,3
2731,9,Portugal,0,1,0
2732,9,United States,0,0,0
2734,9,United States,3,1,20
2735,1,Canada,3,1,0
2736,1,United States,3,1,0
2740,9,United States,2,1,2
2741,9,United States,3,0,0
2745,1,United States,2,1,20
2747,9,United States,1,0,0
2753,1,United States,1,1,0
2756,1,United States,3,0,15
2758,9,United States,2,1,25
2764,9,United States,1,1,0
2769,9,United States,3,0,60
2772,1,Saint Kitts & Nevis,1,1,0
2775,9,United Kingdom,2,1,0
2777,9,United States,3,1,0
2778,1,United States,1,1,2
2783,9,United States,1,1,0
2786,9,United States,0,0,10
2789,9,United States,3,1,5
2790,9,United States,3,1,200
2791,9,United States,3,1,10
2794,1,United States,1,1,17
2797,1,United States,3,1,0
2798,1,United States,3,1,8
2803,1,Canada,1,1,5
2804,9,Canada,1,1,10
2805,1,United States,1,1,5
2809,1,United States,3,1,500
2811,9,United States,1,0,10
2813,9,United States,3,1,0
2815,9,United Kingdom,2,1,0
2816,9,United States,0,1,0
2822,9,United States,3,1,1000
2825,1,United States,3,1,500
2826,9,United States,3,1,30
2827,9,United States,1,0,50
2831,9,United States,3,1,25
2833,9,United States,3,1,0
2834,1,United States,2,1,5
2839,9,United States,0,1,0
2841,1,United States,3,1,25
2843,9,United States,2,0,0
2846,1,United States,2,0,28
2856,1,United States,3,1,0
2860,9,Portugal,1,1,10
2865,1,United States,1,1,0
2876,9,United States,1,1,2
2880,1,United States,2,1,1000
2885,1,Germany,1,1,20
2897,1,United States,3,1,0
2899,1,United States,1,1,1
2902,9,United States,3,1,35
2906,1,United States,3,1,14
2908,9,United States,1,0,2
2910,1,United States,0,1,50
2916,1,United States,2,0,0
2918,1,United States,2,1,0
2923,1,United States,2,1,15
2924,9,United States,3,1,20
2925,1,United States,3,1,5
2926,9,United States,1,0,0
2927,9,United States,1,1,0
2934,1,United Kingdom,0,0,100
2935,9,United States,3,0,20
2937,1,Portugal,3,1,0
2942,1,United States,0,0,0
2943,9,United States,3,1,20
2944,9,United States,3,0,10
2949,1,United States,2,1,0
2951,9,United States,1,0,0
2955,9,United States,1,1,0
2959,1,United States,3,1,30
2962,9,United States,3,1,0
2963,9,United States,0,1,0
2966,9,United States,0,0,0
2970,9,United States,1,1,15
2973,9,Albania,3,0,0
2979,9,United States,3,1,30
2982,9,United States,2,1,0
2984,1,United States,1,1,0
2989,9,Japan,3,1,200
2992,9,United States,2,1,50
2993,9,United States,1,0,10
2994,9,United States,0,1,2
2999,9,United States,2,1,50
3007,9,United States,1,1,2
3009,9,United States,0,0,0
3010,1,United States,2,1,100
3012,9,United States,1,1,12
3015,9,United States,2,1,0
3020,9,United States,1,1,2
3025,9,United States,3,1,0
3026,9,Korea,1,1,1
3033,9,United States,2,1,10
3036,9,United States,1,1,30
3041,9,United States,3,1,60
3042,9,United States,3,1,5
3045,9,United States,1,1,0
3047,9,United States,2,1,5
3059,1,United States,1,0,2
3062,1,United States,1,1,0
3065,9,United States,2,0,0
3069,9,United States,3,1,20
3072,9,United States,1,1,0
3076,9,United States,2,1,30
3077,1,United States,1,1,15
3090,1,United States,3,1,9
3091,1,Nepal,3,1,0
3094,9,United Kingdom,0,0,10
3097,9,United States,1,0,0
3099,1,United States,2,0,2
3105,1,United States,2,0,0
3110,9,United States,1,1,2
3112,9,Puerto Rico,2,1,0
3118,9,United States,3,1,0
3121,9,United States,0,1,0
3122,9,United States,1,1,10
3125,1,United States,1,1,0
3127,9,United States,2,1,10
3133,9,United States,3,1,50
3137,1,United States,1,1,0
3139,9,United States,1,1,0
3144,9,United States,0,1,30
3150,9,United States,3,1,0
3152,1,United States,1,0,10
3153,9,United States,1,1,0
3158,9,United States,3,1,4
3163,9,United States,3,0,20
3164,9,United States,3,1,3
3166,1,United States,1,1,0
3177,9,United States,3,1,0
3181,9,United States,1,1,5
3182,1,United States,1,1,15
3185,1,United States,3,1,25
3187,9,Canada,2,1,40
3189,9,United States,0,1,12
3192,1,United States,1,1,56
3193,9,United States,1,0,10
3197,9,United States,0,1,20
3199,9,United Kingdom,3,1,15
3206,9,United States,2,1,7
3212,9,Portugal,3,1,50
3213,9,United States,2,1,0
3217,1,United States,1,1,0
3233,9,United States,1,1,0
3235,9,United States,1,1,1
3236,1,United States,0,1,15
3237,1,United States,2,1,0
3240,9,United States,1,1,0
3241,1,United States,1,1,0
3247,1,United States,0,1,0
3248,1,Trinidad,1,1,0
3250,1,United States,2,0,20
3253,9,United States,2,1,0
3255,1,United States,3,1,20
3257,1,United States,1,0,1
3259,9,United States,3,1,0
3263,9,United States,1,1,2
3267,9,United States,3,1,100
3268,9,United States,0,0,2
3269,9,United States,3,1,0
3282,1,United States,3,1,1
3283,9,Algeria,3,1,6
3285,1,Canada,3,1,2550
3286,9,United Kingdom,3,1,51
3287,9,Italy,3,1,30
3288,9,United States,3,1,5
3289,9,Canada,2,0,9
3295,1,Belgium,1,0,20
3297,1,United States,2,0,0
3299,9,United States,0,0,0
3302,9,United States,0,0,2
3305,1,United States,2,1,20
3307,1,Germany,1,1,20
3309,1,United States,3,1,15
3312,9,United States,1,1,15
3314,1,United States,2,1,15
3315,1,United States,2,1,0
3318,9,United States,0,0,0
3325,9,United States,3,1,0
3328,1,United States,1,1,0
3329,1,United Kingdom,3,1,5
3334,1,United States,2,1,15
3337,9,United States,3,1,10
3338,9,United States,0,1,0
3341,9,United States,3,1,15
3343,9,Canada,3,1,4
3345,9,United States,3,1,5
3354,9,United States,1,1,20
3358,9,United States,3,1,30
3363,1,United States,3,0,11
3371,9,Ireland,1,0,0
3376,9,Poland,2,1,10
3378,9,United States,3,0,2
3380,1,United Kingdom,1,0,9
3381,9,United States,1,1,3
3385,9,United States,2,1,0
3399,9,United States,1,1,12
3402,9,United States,1,1,0
3403,9,United States,3,1,0
3414,9,United States,2,1,5
3421,9,United States,3,0,0
3422,1,United States,1,1,3
3423,9,United States,2,1,0
3424,1,United Kingdom,3,1,15
3425,9,United States,1,1,0
3426,9,United States,1,1,0
3427,9,United States,2,1,5
3434,1,United States,1,0,30
3439,9,United States,1,0,0
3440,1,United States,3,1,0
3444,9,United States,0,1,0
3447,9,China,2,0,10
3448,9,United States,1,1,0
3451,1,Australia,3,0,15
3456,9,United States,1,1,7
3460,9,United States,1,0,0
3470,1,United States,1,1,10
3474,9,United States,1,1,100
3478,9,United States,2,1,0
3480,9,Canada,0,0,0
3486,9,United States,1,1,30
3489,9,United States,1,1,0
3491,9,United States,1,1,2
3494,9,United States,1,1,7
3500,9,United States,2,1,5
3501,1,United States,2,1,3
3502,1,United States,3,1,10
3503,1,Canada,1,1,40
3512,9,United States,3,1,0
3516,1,United States,3,1,100
3517,1,United States,0,1,0
3523,1,United States,3,0,0
3529,9,United States,0,0,0
3533,9,United States,2,0,5
3535,9,United States,3,0,0
3536,9,United States,1,1,0
3546,9,United States,3,0,0
3555,9,United States,2,0,0
3557,1,Austria,1,0,90
3560,9,United States,2,1,0
3561,9,United States,1,1,20
3565,9,United States,3,1,30
3567,9,United States,2,1,3
3577,9,United States,1,1,0
3578,9,United States,2,1,12
3581,1,United States,2,0,0
3588,9,United States,2,1,25
3592,1,United States,0,0,0
3593,9,United States,2,0,2
3594,1,United Kingdom,2,1,20
3596,9,United Kingdom,1,1,0
3597,1,United States,3,1,0
3600,1,United States,3,1,10
3606,1,United States,3,1,20
3609,1,United States,2,1,0
3611,1,United States,1,0,0
3620,1,United States,3,1,45
3625,1,United States,1,1,5
3627,9,United States,1,1,0
3628,1,United States,0,0,6
3630,1,United States,2,0,10
3634,9,United States,2,0,2
3639,9,United States,1,1,2
3641,9,United States,2,0,0
3642,1,United States,1,0,5
3646,9,Canada,0,1,0
3654,9,United States,2,0,2
3655,9,United Kingdom,3,1,20
3663,1,United States,1,1,0
3664,9,United States,3,1,200
3672,9,United States,0,1,30
3683,9,United States,1,1,0
3687,1,United States,1,1,60
3688,9,United States,3,1,0
3689,9,Canada,1,1,5
3693,1,Canada,3,1,0
3695,1,United States,3,1,10
3697,9,United States,3,1,9
3700,9,United States,2,1,2
3703,1,United States,1,1,20
3707,9,United States,3,1,15
3711,9,Canada,2,1,0
3714,9,United States,1,1,3
3726,9,United States,3,1,0
3728,9,United States,2,1,200
3733,9,United States,3,1,0
3737,1,United States,2,1,15
3739,1,United States,1,1,40
3744,9,United States,3,1,4
3746,9,United States,2,0,0
3748,9,United States,3,1,2
3752,9,United States,2,1,10
3753,9,United States,1,0,0
3756,9,United States,1,1,20
3757,9,United States,3,1,300
3758,1,Canada,3,1,0
3761,9,United States,2,0,0
3763,1,United States,3,1,15
3766,9,United States,1,1,1
3767,9,United States,2,1,6
3771,9,United States,0,0,0
3773,9,United States,2,1,7
3778,9,United States,3,1,2
3779,9,United States,2,1,0
3782,9,United States,3,1,30
3783,9,United States,2,1,0
3788,9,United States,3,1,15
3790,1,United States,3,1,10
3791,9,United States,1,1,0
3794,9,United States,1,1,0
3795,1,United States,2,0,30
3796,9,United States,3,1,100
3798,9,Australia,3,1,50
3800,9,United States,2,0,0
3802,9,United States,2,1,2
3805,1,United States,2,1,0
3810,1,United States,0,0,0
3813,9,United Kingdom,3,1,0
3818,9,United States,0,1,0
3819,9,United Kingdom,2,1,3
3823,9,United States,3,1,0
3824,9,Bulgaria,3,1,1
3827,1,United States,1,0,0
3831,1,United States,1,0,5
3832,1,United States,3,1,5
3833,9,United States,3,1,0
3834,9,United States,3,0,36
3835,1,Canada,1,0,2
3837,1,United States,2,1,15
3849,1,United States,2,0,100
3852,1,United States,2,1,0
3853,1,United States,3,1,0
3855,1,United States,1,1,300
3860,9,United States,3,1,10
3861,9,United States,3,1,58
3863,9,United States,2,1,5
3867,9,United States,3,1,25
3868,9,United States,3,1,0
3870,9,Canada,1,1,9
3872,9,United States,1,1,0
3879,1,Georgia,2,0,0
3881,1,United Kingdom,1,0,5
3886,9,Canada,3,1,30
3892,9,United States,3,1,5
3894,9,United States,0,0,0
3896,9,United States,3,1,55
3899,1,United States,1,1,0
3901,1,United States,1,0,0
3903,9,United States,3,1,0
3906,9,United States,3,0,0
3908,9,United States,1,1,10
3909,9,Canada,3,1,0
3913,9,United States,2,1,8
3914,9,United States,3,1,0
3916,9,United States,3,1,20
3917,9,United States,1,0,0
3918,9,United States,2,1,0
3919,9,United States,1,1,0
3921,9,United States,3,1,20
3926,9,United States,3,0,100
3927,1,United States,1,1,0
3930,9,Philippines,1,0,50
3935,9,United States,1,0,0
3944,1,United States,1,1,2
3945,1,United States,3,1,0
3953,1,United States,3,1,16
3954,9,United States,2,1,5
3959,1,United States,3,1,5
3961,1,United States,1,0,0
3963,9,United States,3,1,2
3969,1,United States,1,1,5
3972,9,United States,2,1,0
3973,9,United States,2,1,8
3974,9,United States,3,1,0
3977,1,United States,2,0,5
3980,1,United States,3,1,5
3982,9,United States,2,1,3
3984,1,United States,2,1,20
3993,9,United States,2,1,5
3996,9,United States,3,1,0
4007,9,United States,1,0,0
4015,9,United States,2,0,0
4017,9,United States,0,0,0
4029,9,United States,2,1,3
4030,9,Canada,1,1,0
4042,1,United States,1,0,10
4043,9,United States,1,0,5
4046,9,United States,3,0,0
4048,1,United States,0,0,0
4052,9,United States,0,0,0
4056,9,United States,0,1,0
4060,9,United States,3,1,0
4062,9,United States,2,1,25
4069,9,United States,2,1,0
4072,9,United States,1,1,0
4073,9,United States,3,0,30
4079,9,United States,2,1,0
4083,9,United States,2,1,12
4087,9,United States,3,1,5
4088,9,United States,2,1,20
4091,9,United States,3,1,0
4095,1,United States,3,1,10
4100,1,Germany,3,0,5
4101,9,Italy,3,1,3
4102,1,United Kingdom,2,1,600
4106,9,United States,0,1,0
4107,9,United States,2,1,5
4108,9,United States,3,1,5
4110,1,United States,3,1,47
4113,1,United States,3,0,0
4114,9,United States,2,1,20
4118,1,Kazakhstan,2,1,0
4121,9,United Kingdom,3,1,0
4122,1,United States,3,1,22
4125,9,United States,3,0,5
4130,1,United States,1,1,20
4135,1,United Kingdom,1,1,0
4138,9,United States,3,1,3
4143,9,United States,3,1,50
4145,9,United States,3,1,2
4147,9,United States,1,0,10
4149,1,United States,1,1,50
4152,9,United States,3,1,10
4155,9,United States,1,1,100
4157,9,United States,2,1,0
4162,9,United States,2,0,1
4168,1,United States,2,1,20
4169,9,Canada,0,0,0
4170,9,United States,3,0,0
4173,1,United States,3,1,2
4175,9,United States,1,0,10
4176,9,United States,2,1,0
4181,1,United States,1,0,35
4183,9,United States,2,1,0
4192,1,United States,3,1,100
4193,9,United States,0,0,0
4194,9,United States,1,1,20
4195,9,United States,3,1,5
4198,9,United States,1,1,0
4200,9,New Zealand,2,0,0
4201,9,United States,3,1,0
4202,9,United States,1,1,10
4203,9,United States,2,1,10
4205,1,United States,3,0,0
4208,1,United States,3,1,0
4213,9,United States,2,0,35
4214,1,United States,2,0,0
4220,1,United States,3,1,1
4221,1,Australia,0,0,0
4223,9,Nauru,3,1,5
4234,9,United States,3,1,2
4235,1,United States,3,1,10
4236,9,United States,0,0,3
4238,9,Canada,3,1,1
4242,1,United States,2,1,2
4245,9,United States,1,0,0
4248,1,United States,3,1,0
4250,9,United States,1,0,0
4252,1,Portugal,3,1,920
4254,9,United States,1,0,0
4256,1,United States,0,0,0
4261,9,United States,2,1,0
4264,9,United States,1,1,0
4273,1,United States,3,1,28
4274,9,United States,3,1,20
4276,9,United States,1,0,20
4281,9,United States,0,0,0
4282,1,United States,2,1,35
4283,9,United States,1,0,0
4285,1,United States,1,1,9
4286,9,United States,1,1,9
4291,1,United States,2,1,0
4298,1,United States,2,0,0
4299,1,United States,3,1,10
4301,9,United States,3,1,20
4303,9,United States,3,1,0
4309,1,United States,2,1,50
4318,1,United States,0,0,0
4319,9,United States,1,1,7
4320,9,United Kingdom,3,1,5
4321,9,United States,3,1,100
4327,1,United States,2,0,0
4330,9,United States,0,0,0
4331,9,United States,2,0,0
4332,9,United States,2,1,20
4333,1,United States,1,1,5
4334,9,United States,2,1,45
4335,9,United States,1,0,0
4336,9,United States,1,1,2
4342,9,United States,3,1,4
4343,9,Canada,3,0,1
4350,9,United States,2,0,0
4360,9,United States,3,1,0
4362,9,United States,1,1,0
4373,9,United States,2,1,11
4375,9,Israel,0,1,10
4379,1,United States,1,1,1
4381,9,United States,3,1,0
4386,1,United States,3,0,0
4388,9,South Africa,1,1,0
4389,9,United Kingdom,3,1,10
4390,9,United Kingdom,2,0,6
4392,1,United States,3,1,245
4395,1,United States,2,1,0
4396,1,United States,3,1,150
4399,9,United States,0,1,0
4400,9,United States,3,1,35
4403,9,United States,1,0,78
4404,9,United States,2,0,0
4405,9,United States,3,0,25
4407,9,Australia,1,1,35
4413,1,United States,1,1,5
4414,9,United States,2,1,20
4418,9,United States,1,1,0
4426,9,United States,1,0,0
4427,9,United States,2,0,0
4439,9,United States,0,0,0
4444,9,United States,0,1,0
4446,9,Portugal,3,1,150
4448,9,United States,1,1,0
4449,9,United States,2,0,0
4453,9,United States,3,1,113
4454,1,United States,2,1,15
4456,1,United States,3,1,5
4457,1,United States,0,0,0
4461,9,United States,1,1,2
4467,1,United States,1,0,0
4469,9,Australia,3,0,1
4473,9,United States,3,1,50
4478,1,United States,1,1,0
4479,9,United States,2,1,15
4488,9,United States,3,1,2
4489,9,United States,3,1,25
4491,9,United States,3,1,0
4494,9,United States,3,1,0
4497,9,United States,2,0,0
4504,1,United Kingdom,3,1,15
4509,9,United States,3,0,0
4512,9,United Kingdom,1,1,45
4517,9,United States,2,1,0
4519,9,United States,2,1,30
4530,9,United States,3,0,30
4532,9,United States,3,1,15
4534,1,United States,2,1,4
4537,9,United States,3,1,20
4548,9,United States,1,1,0
4550,9,United States,2,1,0
4554,9,United States,3,1,100
4555,9,United States,3,0,0
4558,9,United States,3,0,0
4559,9,United States,3,1,0
4561,9,United States,1,1,30
4566,9,United States,1,1,20
4568,9,United States,2,1,10
4570,9,United States,1,1,0
4571,9,United States,1,1,50
4578,9,Philippines,0,0,0
4579,1,United States,3,1,180
4583,9,United States,2,1,10
4584,9,United States,0,0,0
4589,1,United States,3,1,5
4605,9,United States,3,0,0
4606,1,United States,3,1,10
4610,9,Albania,0,0,0
4612,1,United States,1,1,1
4622,9,United States,3,1,10
4623,9,United States,2,1,6
4632,9,United States,1,1,10
4634,9,United States,3,1,21
4635,1,United States,1,1,30
4638,9,United States,1,1,20
4642,1,United States,2,1,6
4649,9,United Kingdom,2,1,2
4654,1,United States,1,0,0
4655,9,United States,0,1,0
4656,1,United States,3,1,0
4660,1,United States,3,1,0
4666,1,Canada,3,1,25
4667,1,United States,2,1,6
4671,9,United States,3,0,0
4673,1,United States,3,1,0
4677,1,United States,1,1,0
4678,9,United States,3,1,17
4679,9,Canada,3,1,80
4682,9,Canada,1,1,30
4684,9,United States,3,1,20
4689,1,United States,1,0,0
4696,1,United States,3,0,45
4697,1,Lebanon,3,1,17
4704,1,United States,3,1,20
4705,9,United States,3,1,5
4715,9,Canada,1,0,0
4716,9,United States,3,0,20
4718,9,United States,2,1,150
4724,1,United States,3,1,20
4725,9,United States,1,1,10
4727,9,United States,1,0,1
4728,9,Trinidad,1,1,0
4737,9,United States,2,1,0
4742,1,United States,0,0,20
4744,1,United States,1,1,2
4749,1,United States,3,1,7
4750,1,United States,1,1,20
4753,1,United States,3,1,0
4755,9,United States,1,1,12
4757,9,United States,3,1,0
4760,1,United States,2,1,0
4767,9,United States,0,0,0
4769,9,United States,3,1,50
4770,1,United States,3,1,0
4771,1,Barbados,0,1,3
4780,9,United States,2,1,54
4781,1,Australia,3,1,3
4788,9,United States,3,1,7
4797,9,United States,1,1,200
4804,9,United States,1,0,0
4807,1,United States,1,1,0
4809,9,United States,2,1,0
4813,1,United States,3,1,60
4815,9,United States,2,0,1000
4818,9,Zambia,1,1,0
4827,9,United Kingdom,3,1,5
4833,9,United States,3,0,35
4843,9,United States,2,1,24
4844,9,United States,0,0,0
4850,9,United States,0,1,0
4856,9,United States,0,0,0
4860,9,United States,1,0,0
4868,9,United States,1,1,1
4874,9,United States,3,1,0
4880,9,New Zealand,2,0,10
4882,1,United States,2,0,0
4883,1,United States,1,0,100
4886,1,United States,0,1,0
4887,9,United States,3,1,0
4892,9,United States,3,1,14
4893,9,United States,3,0,200
4896,9,United States,3,1,2
4899,1,United States,1,1,0
4901,9,United States,3,1,0
4905,9,United States,0,1,5
4907,9,Canada,2,1,10
4908,9,United States,3,1,0
4910,9,Bahrain,1,1,25
4911,9,United States,3,0,0
4914,9,Canada,2,1,0
4924,9,United States,2,1,100
4930,1,United States,2,1,15
4934,9,United States,2,1,0
4937,1,United States,2,1,0
4940,9,United States,2,1,0
4941,9,United States,2,0,18
4942,9,United States,1,1,0
4943,9,United States,1,1,0
4944,9,United States,3,1,30
4947,9,Canada,1,1,10
4950,1,United States,0,1,0
4957,9,United States,1,1,5
4960,9,United States,1,1,32
4961,9,United States,0,0,500
4981,1,United States,2,1,0
4989,9,United Kingdom,1,0,0
4995,9,United States,0,0,2
4999,9,United States,0,0,0
5002,9,United States,2,1,30
5003,9,United States,2,1,0
5006,9,United States,1,1,25
5007,9,United States,1,1,4
5009,9,United Kingdom,0,1,45
5018,9,United States,3,1,1
5028,9,United States,3,1,3
5030,9,United States,1,0,5
5032,9,United States,1,1,15
5033,1,United States,1,0,0
5038,9,United States,3,1,1
5052,9,United States,3,1,20
5058,1,Canada,2,0,1
5061,9,United States,0,0,0
5067,9,United States,2,1,18
5073,9,United States,2,0,0
5076,9,United States,2,1,0
5080,9,Australia,2,1,5
5085,9,United States,3,1,22
5089,9,United States,1,1,0
5091,9,United States,1,0,12
5093,9,United States,1,1,0
5094,9,United States,0,0,0
5095,1,United States,1,1,80
5096,1,United States,1,1,0
5098,9,United States,1,0,2
5100,1,United States,2,1,5
5102,1,Australia,3,0,5
5104,9,United States,0,0,0
5111,9,United Kingdom,3,1,5
5114,9,Canada,3,1,20
5115,1,United States,3,0,0
5117,9,United States,0,1,25
5118,9,United States,3,1,5
5119,9,United States,1,1,0
5120,9,United States,3,0,36
5122,9,United States,3,1,0
5125,9,United States,3,1,143
5130,9,United States,3,1,10
5138,9,United States,1,1,1
5147,1,United States,3,0,2
5152,1,Canada,1,0,20
5153,9,United States,2,1,13
5155,9,United States,2,1,0
5166,9,United States,1,1,5
5168,9,United States,2,1,0
5173,9,United States,1,1,0
5175,9,United States,2,1,0
5176,1,United Kingdom,1,1,1
5178,9,United States,3,1,15
5185,9,United States,0,0,250
5190,1,United States,2,1,50
5192,9,Canada,2,0,4
5194,1,United States,1,0,0
5198,9,United States,1,0,0
5200,9,United States,0,0,0
5201,9,United States,1,1,8
5203,9,United States,3,0,0
5205,9,United States,2,1,0
5206,1,United Kingdom,3,1,2
5208,9,United States,2,1,10
5210,1,United States,2,1,2
5212,9,United States,3,1,0
5215,1,United States,1,0,0
5219,9,United States,1,1,25
5228,9,United States,2,1,300
5229,1,United States,1,1,0
5232,9,Australia,3,1,39
5242,9,Switzerland,3,0,0
5244,1,Israel,1,1,0
5259,9,Israel,2,1,60
5261,9,Israel,3,1,200
5264,1,Israel,1,1,10
5276,9,United States,1,1,0
5279,1,Israel,3,1,30
5280,9,United States,3,1,0
5281,9,Israel,1,1,20
5284,9,United States,2,1,59
5288,9,Israel,1,1,100
5293,1,Israel,3,1,60
5295,9,Israel,3,1,20
5301,1,United States,3,1,10
5303,1,Israel,1,1,2
5307,9,Israel,0,0,0
5308,9,Israel,2,1,2
5309,9,United States,1,1,0
5313,1,United States,3,1,100
5317,9,United States,1,0,0
5319,9,Israel,3,1,5
5320,9,United States,3,1,4
5323,9,United States,3,1,0
5328,9,Canada,1,1,0
5330,1,Israel,1,0,0
5336,9,Israel,1,0,0
5338,9,United States,1,1,10
5344,9,United Kingdom,3,1,0
5345,9,United States,2,0,20
5347,9,Israel,3,0,15
5354,9,Israel,3,1,500
5356,9,United States,2,1,15
5358,9,Barbados,1,1,200
5360,9,United States,3,1,25
5361,9,United States,3,1,0
5362,1,United States,1,1,0
5363,9,Canada,3,0,2
5370,1,United States,0,0,0
5377,1,Israel,2,1,5
5379,1,United States,3,1,465
5380,1,United States,1,1,0
5385,9,United States,3,1,30
5386,9,United States,2,0,1
5388,9,United States,3,1,1000
5390,1,United States,1,0,0
5395,1,Canada,1,1,2
5398,9,Canada,3,1,0
5402,9,Israel,1,0,500
5404,1,United States,3,1,1
5405,9,United States,3,1,35
5406,9,Canada,3,1,5
5410,9,United States,0,1,0
5418,9,United States,1,0,0
5422,1,American Samoa,3,0,10
5428,9,China,3,1,30
5430,1,Israel,1,1,12
5436,9,United States,0,0,0
5437,1,United States,0,0,0
5443,9,United States,3,1,0
5444,1,Portugal,1,1,100
5447,9,United States,3,1,0
5452,9,United States,2,0,30
5458,9,United States,2,1,0
5468,9,United States,1,0,1
5470,1,United States,3,0,1
5479,1,United States,3,1,3
5487,9,United States,2,0,15
5492,1,United States,0,1,0
5496,1,United States,1,1,1
5501,1,United States,3,1,3
5504,9,United States,1,0,0
5506,9,United States,1,1,90
5508,1,United States,1,1,3
5509,9,United States,2,1,25
5510,9,United States,2,1,0
5511,9,United States,3,1,0
5512,1,United States,3,1,0
5523,9,United States,3,1,1
5524,9,United States,1,0,0
5526,9,Bermuda,2,1,15
5527,9,United States,3,1,2000
5532,9,Nepal,1,1,6
5534,9,Australia,3,1,10
5537,9,United States,1,1,5
5544,1,United States,1,0,0
5559,1,United States,1,0,2
5566,9,United States,3,1,0
5568,9,United States,0,0,0
5570,9,United States,3,0,0
5572,9,United Kingdom,1,0,0
5577,1,United States,3,1,0
5579,1,United States,1,1,0
5581,1,United States,1,1,150
5582,9,United States,1,1,50
5585,1,United States,3,1,20
5595,9,United States,2,1,20
5600,9,United States,1,0,0
5603,1,United States,3,1,2
5605,9,United States,2,1,0
5615,1,United States,1,1,0
5617,9,United States,2,1,0
5618,1,United States,1,1,0
5621,1,United States,3,0,0
5622,9,United States,2,1,0
5626,9,Canada,1,0,5
5631,9,United States,1,0,0
5634,9,United States,2,0,0
5639,9,United States,1,0,0
5642,1,United States,3,1,2
5647,9,United States,3,1,20
5648,9,United States,3,1,20
5655,9,United States,1,1,15
5656,1,Australia,1,0,10
5664,9,United Kingdom,2,1,0
5666,9,United States,0,0,0
5667,9,United States,2,1,500
5670,1,United States,3,1,80
5674,9,United States,2,1,0
5675,9,United States,2,1,25
5679,9,United States,2,1,75
5682,9,United States,1,0,0
5683,1,United States,1,1,0
5687,9,Israel,3,1,30
5689,9,Brazil,3,0,0
5690,1,Portugal,1,0,100
5691,9,Portugal,3,1,10
5695,9,United States,2,1,0
5699,1,United States,1,0,0
5701,9,United States,0,0,1
5705,1,United States,0,1,1
5709,1,United States,3,1,30
5713,9,United States,3,0,0
5717,9,United States,1,1,0
5718,9,United States,3,1,2
5723,9,United States,3,1,100
5726,1,United States,1,1,26
5727,9,United States,3,1,15
5731,9,United States,2,1,0
5733,9,Canada,1,1,30
5735,1,United States,0,1,16
5736,9,Canada,1,1,20
5738,1,New Zealand,3,1,5
5747,9,United States,3,1,19
5748,9,United Kingdom,0,0,0
5758,9,United Kingdom,3,1,75
5759,1,United States,3,1,2
5760,9,United States,2,0,18
5765,9,United States,0,1,0
5768,9,United States,1,1,21
5769,9,United Kingdom,3,1,1
5770,9,Israel,3,1,100
5772,9,United States,1,1,32
5778,9,United States,1,1,20
5783,9,United States,3,1,0
5785,9,United States,3,1,15
5789,9,Canada,3,1,90
5790,9,United States,1,1,0
5797,9,United States,0,0,3
5798,9,United States,2,1,0
5801,9,United States,3,1,11
5804,9,United States,3,1,60
5812,9,United States,3,1,4
5819,9,United States,1,1,25
5820,9,United States,2,0,0
5828,9,United States,2,1,3
5830,9,Australia,3,1,30
5832,9,United States,2,1,10
5834,9,United States,2,0,0
5835,9,United States,0,1,12
5840,1,United States,1,0,1
5842,9,United States,3,1,10
5844,9,United States,3,1,2
5849,9,United States,3,1,10
5850,9,United States,1,1,20
5851,1,United States,0,0,0
5852,1,United States,2,1,0
5853,1,United States,1,1,25
5856,9,United States,2,1,22
5862,9,United States,2,0,20
5867,9,United States,2,1,0
5872,9,United States,1,1,0
5874,9,United States,1,1,0
5880,1,United States,1,0,0
5882,9,United States,3,1,16
5888,1,United States,1,0,0
5890,9,United States,3,1,100
5891,9,United States,1,1,71
5896,9,United States,3,1,2
5899,1,United States,2,1,0
5901,9,United States,3,0,0
5907,9,United States,3,1,0
5909,1,Canada,1,1,50
5914,1,United States,2,1,4
5915,9,United States,1,1,0
5917,9,United States,0,1,20
5920,1,Israel,1,0,1
5921,9,United Kingdom,1,0,40
5924,9,United States,3,1,0
5932,9,United States,2,1,3
5937,1,United States,3,1,10
5938,1,United States,3,1,5
5941,1,United States,2,1,3
5942,9,United States,2,1,0
5943,9,United States,3,1,0
5946,1,New Zealand,3,1,0
5954,1,United States,3,1,0
5958,9,Canada,3,1,20
5959,1,United States,1,1,0
5960,9,United States,2,1,9
5962,9,United States,3,1,50
5964,1,United States,2,0,0
5965,9,United States,3,1,0
5966,9,United States,2,1,0
5969,1,United States,3,1,15
5980,9,United States,1,1,10
5984,1,United States,1,1,10
5988,1,New Zealand,0,0,0
5990,9,United States,2,0,0
6006,9,United States,1,0,4
6009,1,United States,1,1,0
6011,9,United States,0,0,0
6014,9,United States,2,0,3
6018,1,United States,2,1,10
6019,9,United States,1,1,40
6020,1,United States,2,1,20
6023,9,United States,3,1,2
6026,9,Canada,2,1,0
6027,9,Israel,1,1,10
6028,9,United States,0,0,10
6041,9,United States,3,1,200
6043,9,United States,3,1,0
6044,9,United States,0,0,2
6047,9,United States,3,1,0
6048,9,United States,0,0,20000
6050,9,Australia,1,1,2
6054,9,United Kingdom,1,1,0
6063,1,United States,1,1,20
6067,9,New Zealand,1,1,12
6069,9,Canada,3,1,12
6073,9,United States,0,1,0
6074,1,Canada,3,0,0
6080,9,Australia,2,1,0
6086,9,United States,3,1,20
6090,9,United States,3,1,20
6091,9,United Kingdom,3,1,20
6093,9,United States,1,1,18
6097,9,United Kingdom,1,1,10
6106,1,Canada,3,1,25
6112,9,United States,3,1,20
6118,1,Canada,3,1,24
6121,9,United States,1,0,0
6126,9,United States,1,0,0
6129,9,United States,2,1,0
6130,1,Canada,3,1,100
6132,1,United States,0,1,0
6136,1,United States,1,1,3
6143,9,Puerto Rico,3,1,3
6147,1,Canada,2,1,20
6148,1,United States,3,0,0
6149,9,United States,1,1,1
6151,1,United States,3,1,5
6159,1,United States,2,0,2
6163,9,United States,1,0,0
6164,9,United States,1,1,0
6167,1,United States,3,0,1
6171,9,United States,2,0,0
6175,1,United States,0,0,0
6176,9,United States,3,0,6
6177,1,United States,3,1,15
6182,1,United Kingdom,2,1,50
6183,9,United States,0,0,2
6184,9,United States,0,0,0
6185,9,United States,2,1,45
6189,9,United States,3,0,0
6190,9,United States,3,1,6
6196,1,United States,3,1,0
6198,9,United States,2,1,0
6199,1,United States,1,1,0
6201,9,United States,3,1,0
6203,9,United States,2,1,0
6206,9,United States,2,1,0
6208,9,United States,3,1,0
6210,1,United States,2,1,0
6212,9,United States,3,1,0
6220,9,United States,3,1,30
6224,9,United States,1,1,14
6225,1,Indonesia,1,0,12
6228,1,United States,3,1,0
6230,1,United States,1,1,0
6232,9,United States,3,1,15
6233,9,United States,2,1,0
6236,1,United States,1,0,0
6237,9,United Kingdom,3,1,2
6238,1,United States,0,0,0
6243,9,United States,1,0,0
6244,9,United States,3,1,0
6245,9,Australia,3,1,12
6248,1,United States,3,1,10
6251,9,United States,1,1,0
6255,9,United States,2,1,0
6256,1,United States,1,0,50
6261,9,United States,2,1,0
6264,1,United States,3,1,3
6268,9,United States,3,1,10
6270,9,United States,1,0,5
6271,9,United States,1,0,0
6286,9,United States,3,1,25
6288,1,United States,0,0,26
6291,1,United States,0,0,0
6292,1,United States,2,0,0
6294,9,New Zealand,3,1,12
6296,9,United States,3,1,0
6297,9,United States,3,0,20
6298,9,United States,0,1,10
6299,9,United States,0,1,0
6302,9,United States,1,0,0
6304,9,United States,1,1,3
6307,1,United States,1,0,5
6309,9,United States,2,1,2
6312,9,United States,3,1,45
6313,9,United States,1,0,4
6317,9,United States,2,0,0
6318,9,United States,2,0,0
6324,9,United States,3,1,0
6327,9,United States,2,1,0
6333,9,United States,3,0,9
6337,9,United States,1,1,51
6339,9,United States,0,0,0
6340,9,United States,1,0,0
6343,9,United States,0,1,0
6347,9,United States,2,1,113
6348,9,Australia,2,0,8
6352,9,India,0,0,2
6356,9,United States,2,1,3
6360,9,United States,3,1,5
6379,1,United States,2,1,10
6380,9,United States,3,1,0
6384,9,New Zealand,2,1,2
6386,9,United States,3,1,20
6389,9,United States,1,1,0
6391,1,United States,3,1,3
6392,9,United States,3,1,100
6393,9,United States,1,0,0
6397,1,United States,3,1,200
6398,1,United States,1,0,20
6400,9,United States,3,1,0
6402,9,United States,1,1,0
6403,1,United States,3,1,0
6404,1,United States,3,1,200
6409,9,United States,3,1,20
6410,1,United States,1,1,15
6416,9,United States,2,1,0
6418,1,United States,1,0,100
6419,1,United States,2,1,0
6420,9,New Zealand,2,0,0
6421,9,United States,2,1,0
6422,9,United States,2,1,0
6429,9,United States,1,0,0
6430,9,United States,3,0,2
6435,9,United States,3,1,70
6438,1,United States,2,1,2
6445,9,United States,3,0,0
6457,9,United States,1,0,0
6458,1,United States,3,0,0
6460,9,United States,0,0,10
6463,9,United States,1,0,0
6469,9,United States,3,1,0
6470,1,United States,3,0,2
6479,9,United States,3,1,0
6481,1,United States,2,1,10
6488,9,United States,1,1,0
6494,9,United States,3,1,2
6497,1,United States,0,1,30
6500,9,United States,1,1,20
6503,9,Portugal,2,0,0
6504,9,United States,1,0,20
6506,9,United States,2,1,1
6509,1,United Kingdom,2,0,0
6521,1,United States,3,1,0
6524,9,United Kingdom,3,0,40
6525,9,Canada,1,0,28
6529,1,United Kingdom,3,1,17
6530,9,United States,2,1,35
6531,1,United States,3,1,15
6537,9,United States,3,0,10
6538,9,United States,1,1,7
6544,9,United States,2,1,50
6545,9,United States,3,0,0
6548,9,United States,3,1,20
6549,9,United States,3,0,10
6553,1,United States,1,1,0
6560,9,United States,3,1,10
6562,9,Canada,3,1,0
6565,1,United States,3,1,0
6566,9,Malaysia,1,1,10
6571,9,United States,2,1,0
6572,9,United Kingdom,0,0,0
6573,9,United States,3,1,5
6574,9,United States,3,1,15
6584,9,United States,2,1,0
6585,1,United States,3,0,5
6590,9,United States,3,1,45
6592,1,Canada,1,0,100
6609,1,United States,1,0,25
6612,9,United States,1,0,15
6613,9,Israel,2,1,50
6614,1,United Kingdom,3,1,19
6616,1,United States,1,1,300
6619,9,United States,3,1,10
6625,1,Canada,3,1,5
6627,1,United States,1,1,0
6629,1,United States,2,1,11
6633,9,United States,2,1,4
6635,9,United States,3,1,10
6638,9,United States,1,1,0
6642,9,United States,2,1,6
6649,1,United States,2,1,8
6653,1,United States,3,0,15
6655,9,United Kingdom,3,1,10
6656,9,United States,0,0,0
6657,1,United States,3,1,0
6659,1,United States,3,1,5
6665,9,United States,1,1,0
6666,9,United States,3,1,0
6671,9,United States,1,1,15
6677,9,United States,2,1,3
6681,9,United States,3,1,3
6682,9,United States,3,1,5
6684,9,United States,2,1,2
6687,9,United States,3,1,0
6691,1,United Kingdom,3,1,0
6692,9,United States,1,1,0
6693,9,United States,3,0,0
6694,9,United States,1,0,10
6698,9,United States,3,1,100
6705,1,United States,3,1,5
6706,1,Canada,1,1,0
6712,1,United States,3,1,0
6713,9,United States,3,1,0
6715,9,United States,1,0,0
6716,1,United States,1,0,2
6725,9,United States,3,1,60
6727,9,Christmas Island,1,0,5
6728,9,Canada,1,0,5
6729,9,United States,1,1,2
6730,9,United States,1,1,25
6736,9,United States,1,1,10
6737,9,United States,3,1,0
6738,9,United States,1,0,5
6742,9,United States,3,1,1
6744,1,United States,3,1,0
6747,9,Canada,3,0,15
6748,1,United States,3,1,15
6750,9,United Kingdom,3,1,0
6755,9,United States,3,1,30
6758,1,United States,3,1,2
6761,1,United States,3,1,0
6763,9,United States,1,0,10
6767,9,Canada,1,1,100
6770,9,United States,3,1,150
6772,9,United States,1,1,0
6773,9,United States,2,0,0
6774,1,United States,0,1,18
6775,9,Canada,3,1,80
6779,1,United States,3,1,0
6781,9,United States,3,1,2
6784,9,United States,0,0,15
6786,1,United States,3,1,75
6788,1,United Kingdom,3,0,0
6797,9,United States,3,1,10
6801,9,New Zealand,0,0,80
6803,9,United States,2,1,5
6804,9,United States,3,1,0
6805,1,United States,0,1,0
6807,9,United States,3,1,0
6813,1,United States,3,1,0
6814,9,United States,3,1,50
6815,9,United States,1,1,0
6816,1,United States,2,1,0
6819,9,United States,1,0,16
6820,1,United States,2,0,15
6822,9,United States,2,1,11
6827,1,United States,3,0,20
6829,1,United States,1,0,0
6832,9,United States,2,0,0
6833,1,United States,1,1,10
6834,1,United States,1,1,3
6835,9,United States,2,0,0
6837,9,United States,1,0,20
6840,9,United States,3,0,1
6842,1,United States,1,1,80
6844,9,United States,3,1,8000
6852,1,United States,2,0,50
6853,9,United States,1,0,0
6854,9,United States,1,1,250
6857,1,United States,0,0,10000
6858,1,United States,3,1,0
6860,9,United States,1,0,2
6863,1,United States,1,0,0
6865,1,United States,1,1,0
6867,1,Canada,3,1,30
6875,9,United States,3,1,0
6887,9,United States,3,1,3
6893,9,United States,1,0,0
6894,1,United States,3,1,10
6898,9,United States,0,0,4
6903,9,United States,3,0,0
6911,1,United States,2,1,0
6913,9,United States,1,0,120
6917,1,United States,3,1,100
6918,1,United States,1,0,0
6920,1,Canada,2,1,50
6922,9,United States,2,1,30
6932,1,United States,3,1,5
6933,9,United States,3,1,10
6940,1,United States,2,1,25
6942,1,United States,3,1,0
6943,1,United States,1,0,0
6944,9,United States,1,1,0
6945,9,Australia,3,1,20
6946,9,United States,2,1,999
6952,1,Canada,2,1,20
6953,9,United States,2,1,2
6956,9,United States,3,1,30
6958,9,United States,3,0,20
6960,1,United States,3,0,6
6966,1,United States,3,1,25
6971,1,United States,1,1,0
6977,9,United States,0,1,100
6979,9,United States,2,1,20
6980,1,United States,3,1,20
6982,9,United States,3,1,35
6994,1,United States,2,1,0
6999,9,United States,3,1,20
7002,1,United States,3,1,10
7003,9,Australia,1,1,2
7006,9,United States,3,1,6
7007,1,United States,1,0,0
7010,1,United States,3,1,3
7013,9,United States,2,1,30
7016,9,United States,3,0,3
7018,9,United States,1,1,5
7020,9,United States,3,1,40
7021,9,United States,2,1,10
7022,9,United States,2,1,0
7024,1,United States,3,0,206
7025,9,United States,2,1,0
7026,1,United States,2,1,0
7028,9,China,3,1,500
7033,9,United States,3,1,10
7035,9,Australia,3,1,0
7038,9,United States,2,1,0
7043,9,United States,0,0,0
7048,9,United States,0,0,0
7053,9,United States,2,1,0
7057,1,United States,3,1,32
7063,9,United States,3,1,12
7065,9,United States,3,1,40
7071,9,United States,0,0,0
7075,9,United States,0,0,0
7076,9,United States,2,1,100
7081,9,United States,2,1,5
7090,1,United States,2,1,0
7092,9,United States,2,1,50
7095,9,United States,0,1,0
7099,1,United States,3,1,645
7100,9,United States,3,1,0
7104,1,United States,3,1,150
7105,9,United States,3,1,50
7109,1,United States,3,1,0
7111,9,United States,2,1,20
7116,1,United States,3,1,20
7119,9,United States,3,1,30
7120,9,United States,3,1,10
7124,9,United States,3,1,70
7135,9,Venezuela,2,1,100
7137,1,United States,3,1,20
7142,1,United States,0,0,10
7144,9,United States,1,0,30
7145,9,United States,1,1,0
7148,9,United States,2,1,20
7149,9,Canada,2,1,5
7154,1,United States,3,1,1000
7156,9,Canada,1,0,0
7158,1,Portugal,2,1,15
7159,1,United States,1,1,100
7170,9,United States,1,1,15
7171,1,United States,3,1,50
7176,9,Israel,1,0,10
7177,9,Germany,2,1,2
7179,9,Canada,2,1,5
7189,1,Portugal,0,0,2
7192,1,United States,3,0,50
7194,9,United Kingdom,0,1,10
7195,1,United States,2,0,0
7196,1,United States,3,1,50
7201,9,United States,0,0,1
7206,9,United States,3,1,100
7207,1,Algeria,1,1,1